description,unit,price
PIPE SEAMLESS ASTM A106 GRADE B 200 x SCH20 6.000Mtr ASTRON APPROVED,m,1258.72
PIPE SEAMLESS ASTM A106 GRADE B 200 x SCH20 6.000Mtr SASOL APPROVED,m,995.21
PIPE SEAMLESS ASTM A106 GRADE B 200 x SCH40 6.000Mtr ASTRON APPROVED,m,1560.26
PIPE SEAMLESS ASTM A106 GRADE B 200 x SCH40 6.000Mtr SASOL APPROVED,m,1285.59
PIPE SEAMLESS ASTM A106 GRADE B 200 x SCH80 6.000Mtr ASTRON APPROVED,m,2358.07
PIPE SEAMLESS ASTM A106 GRADE B 200 x SCH80 6.000Mtr SASOL APPROVED,m,1930.85
PIPE SEAMLESS ASTM A106 GRADE B 200 x SCH80 6.100Mtr,m,1380.74
PIPE SEAMLESS ASTM A106 GRADE B 250 x SCH20 6.000Mtr ASTRON APPROVED,m,1994.61
PIPE SEAMLESS ASTM A106 GRADE B 250 x SCH20 6.000Mtr SASOL APPROVED,m,1247.77
PIPE SEAMLESS ASTM A106 GRADE B 250 x SCH40 6.000Mtr ASTRON APPROVED,m,2217.58
PIPE SEAMLESS ASTM A106 GRADE B 250 x SCH40 6.000Mtr SASOL APPROVED,m,1801.69
PIPE SEAMLESS ASTM A106 GRADE B 250 x SCH60 6.000Mtr SASOL APPROVED,m,2436.08
PIPE SEAMLESS ASTM A106 GRADE B 250 x SCH80 6.000Mtr ASTRON APPROVED,m,3764.00
PIPE SEAMLESS ASTM A106 GRADE B 250 x SCH80 6.000Mtr SASOL APPROVED,m,3064.92
PIPE SEAMLESS ASTM A106 GRADE B 300 x SCH40 6.000Mtr ASTRON APPROVED,m,3125.96
PIPE SEAMLESS ASTM A106 GRADE B 300 x SCH40 6.000Mtr SASOL APPROVED,m,2399.51
PIPE SEAMLESS ASTM A106 GRADE B 300 x SCH80 6.000Mtr SASOL APPROVED,m,3945.36
PIPE SEAMLESS ASTM A106 GRADE B 300 x SCHSTD 6.000Mtr ASTRON APPROVED,m,2610.61
PIPE SEAMLESS ASTM A106 GRADE B 350 x SCH40 6.000Mtr ASTRON APPROVED,m,3827.72
PIPE SEAMLESS ASTM A106 GRADE B 500 x SCHSTD 6.000Mtr SASOL APPROVED,m,4087.63
PIPE SEAMLESS ASTM A106 GRADE B 500 x SCHXS 6.000Mtr SASOL APPROVED,m,5412.74
PIPE SEAMLESS ASTM A53 / ASTM A106 / ASME SA 106 GRADE B 100 x SCH120 6.000Mtr ASTRON APPROVED,m,919.76
PIPE SEAMLESS ASTM A53 / ASTM A106 / ASME SA 106 GRADE B 125 x SCH80 6.000Mtr ASTRON APPROVED,m,1118.08
PIPE SEAMLESS ASTM A53 / ASTM A106 / ASME SA 106 GRADE B 32 x SCH80 6.000Mtr ASTRON APPROVED,m,202.04
PIPE SEAMLESS ASTM A53 / ASTM A106 / ASME SA 106 GRADE B 80 x SCH160 6.000Mtr ASTRON APPROVED,m,644.85
PIPE SEAMLESS ASTM A53 / ASTM A106 / ASME SA 106 GRADE B 90 x SCH80 6.000Mtr ASTRON APPROVED,m,659.65
PIPE SEAMLESS ASTM A53 / ASTM A106 / ASME SA 106 GRADE B 10 x SCH40 6.000Mtr SAS/AST APP,m,131.05
PIPE SEAMLESS ASTM A53 / ASTM A106 / ASME SA 106 GRADE B 10 x SCH80 6.000Mtr SAS/AST APP,m,155.21
PIPE SEAMLESS ASTM A53 / ASTM A106 / ASME SA 106 GRADE B 100 x SCH40 6.000Mtr SASOL APPROVED MITTAL,m,605.45
PIPE SEAMLESS ASTM A53 / ASTM A106 / ASME SA 106 GRADE B 15 x SCH160 6.000Mtr SAS/AST APP,m,203.57
PIPE SEAMLESS ASTM A53 / ASTM A106 / ASME SA 106 GRADE B 15 x SCH40 6.000Mtr SAS/AST APP,m,109.07
PIPE SEAMLESS ASTM A53 / ASTM A106 / ASME SA 106 GRADE B 15 x SCH80 6.000Mtr SAS/AST APP,m,149.30
PIPE SEAMLESS ASTM A53 / ASTM A106 / ASME SA 106 GRADE B 150 x SCH40 6.000Mtr SASOL APPROVED MITTAL,m,1064.24
PIPE SEAMLESS ASTM A53 / ASTM A106 / ASME SA 106 GRADE B 20 x SCH160 6.000Mtr SAS/AST APP,m,283.75
PIPE SEAMLESS ASTM A53 / ASTM A106 / ASME SA 106 GRADE B 20 x SCH40 6.000Mtr SAS/AST APP,m,134.61
PIPE SEAMLESS ASTM A53 / ASTM A106 / ASME SA 106 GRADE B 20 x SCH80 6.000Mtr SAS/AST APP,m,175.93
PIPE SEAMLESS ASTM A53 / ASTM A106 / ASME SA 106 GRADE B 25 x SCH40 6.000Mtr SASOL APPROVED MITTAL,m,124.03
PIPE SEAMLESS ASTM A53 / ASTM A106 / ASME SA 106 GRADE B 25 x SCH80 6.000Mtr SASOL APPROVED MITTAL,m,161.51
PIPE SEAMLESS ASTM A53 / ASTM A106 / ASME SA 106 GRADE B 40 x SCH40 6.000Mtr SASOL APPROVED MITTAL,m,180.20
PIPE SEAMLESS ASTM A53 / ASTM A106 / ASME SA 106 GRADE B 40 x SCH80 6.000Mtr SASOL APPROVED MITTAL,m,250.96
PIPE SEAMLESS ASTM A53 / ASTM A106 / ASME SA 106 GRADE B 50 x SCH160 6.000Mtr SASOL APPROVED MITTAL,m,439.22
PIPE SEAMLESS ASTM A53 / ASTM A106 / ASME SA 106 GRADE B 50 x SCH40 6.000Mtr SASOL APPROVED MITTAL,m,212.94
PIPE SEAMLESS ASTM A53 / ASTM A106 / ASME SA 106 GRADE B 50 x SCH80 x 6.000Mtr SASOL APPROVED MITTAL,m,292.79
PIPE SEAMLESS ASTM A53 / ASTM A106 / ASME SA 106 GRADE B 6 x SCH40 6.000Mtr SAS/AST APP,m,60.16
PIPE SEAMLESS ASTM A53 / ASTM A106 / ASME SA 106 GRADE B 65 x SCH40 6.000Mtr SASOL APPROVED MITTAL,m,339.15
PIPE SEAMLESS ASTM A53 / ASTM A106 / ASME SA 106 GRADE B 8 x SCH40 6.000Mtr SAS/AST APP,m,83.33
PIPE SEAMLESS ASTM A53 / ASTM A106 / ASME SA 106 GRADE B 8 x SCH80 6.000Mtr SAS/AST APP,m,115.95
PIPE SEAMLESS ASTM A53 / ASTM A106 / ASME SA 106 GRADE B 80 x SCH40 6.000Mtr SASOL APPROVED MITTAL,m,425.37
PIPE SEAMLESS ASTM/ASME A/SA 106 GRADE B 100 x SCH40 6.000Mtr ASTRON APPROVED,m,456.90
PIPE SEAMLESS ASTM/ASME A/SA 106 GRADE B 100 x SCH80 6.000Mtr ASTRON APPROVED,m,525.08
PIPE SEAMLESS ASTM/ASME A/SA 106 GRADE B 125 x SCH40 6.000Mtr ASTRON APPROVED,m,557.62
PIPE SEAMLESS ASTM/ASME A/SA 106 GRADE B 150 x SCH40 6.000Mtr ASTRON APPROVED,m,828.84
PIPE SEAMLESS ASTM/ASME A/SA 106 GRADE B 150 x SCH80 6.000Mtr ASTRON APPROVED,m,1117.63
PIPE SEAMLESS ASTM/ASME A/SA 106 GRADE B 25 x SCH160 6.000Mtr ASTRON APPROVED,m,208.70
PIPE SEAMLESS ASTM/ASME A/SA 106 GRADE B 25 x SCH40 6.000Mtr ASTRON APPROVED,m,72.66
PIPE SEAMLESS ASTM/ASME A/SA 106 GRADE B 25 x SCH80 6.000Mtr ASTRON APPROVED,m,92.66
PIPE SEAMLESS ASTM/ASME A/SA 106 GRADE B 32 x SCH160 6.000Mtr ASTRON APPROVED,m,209.13
PIPE SEAMLESS ASTM/ASME A/SA 106 GRADE B 32 x SCH40 6.000Mtr ASTRON APPROVED,m,112.22
PIPE SEAMLESS ASTM/ASME A/SA 106 GRADE B 32 x SCH80 6.000Mtr ASTRON APPROVED,m,195.11
PIPE SEAMLESS ASTM/ASME A/SA 106 GRADE B 40 x SCH160 6.000Mtr ASTRON APPROVED,m,185.30
PIPE SEAMLESS ASTM/ASME A/SA 106 GRADE B 40 x SCH40 6.000Mtr ASTRON APPROVED,m,140.67
PIPE SEAMLESS ASTM/ASME A/SA 106 GRADE B 40 x SCH80 6.000Mtr ASTRON APPROVED,m,134.00
PIPE SEAMLESS ASTM/ASME A/SA 106 GRADE B 50 x SCH40 6.000Mtr ASTRON APPROVED,m,131.26
PIPE SEAMLESS ASTM/ASME A/SA 106 GRADE B 50 x SCH80 6.000Mtr ASTRON APPROVED,m,186.70
PIPE SEAMLESS ASTM/ASME A/SA 106 GRADE B 65 x SCH160 6.000Mtr ASTRON APPROVED,m,368.71
PIPE SEAMLESS ASTM/ASME A/SA 106 GRADE B 65 x SCH40 6.000Mtr ASTRON APPROVED,m,247.04
PIPE SEAMLESS ASTM/ASME A/SA 106 GRADE B 65 x SCH80 6.000Mtr ASTRON APPROVED,m,278.43
PIPE SEAMLESS ASTM/ASME A/SA 106 GRADE B 80 x SCH40 6.000Mtr ASTRON APPROVED,m,266.01
PIPE SEAMLESS ASTM/ASME A/SA 106 GRADE B 80 x SCH80 6.000Mtr ASTRON APPROVED,m,406.22
PIPE SEAMLESS ASTM/ASME A/SA 106 GRADE B 90 x SCH40 6.000Mtr ASTRON APPROVED,m,387.65
BUSH REDUCING SS316 BSP THREADED 150LB 10 x 8,each,10.86
BUSH REDUCING SS316 BSP THREADED 150LB 15 x 10,each,11.46
BUSH REDUCING SS316 BSP THREADED 150LB 15 x 8,each,11.90
BUSH REDUCING SS316 BSP THREADED 150LB 20 x 15,each,16.02
BUSH REDUCING SS316 BSP THREADED 150LB 20 x 8,each,24.46
BUSH REDUCING SS316 BSP THREADED 150LB 25 x 15,each,34.06
BUSH REDUCING SS316 BSP THREADED 150LB 25 x 20,each,23.83
BUSH REDUCING SS316 BSP THREADED 150LB 32 x 20,each,42.96
BUSH REDUCING SS316 BSP THREADED 150LB 32 x 25,each,40.24
BUSH REDUCING SS316 BSP THREADED 150LB 40 x 20,each,60.68
BUSH REDUCING SS316 BSP THREADED 150LB 40 x 25,each,50.08
BUSH REDUCING SS316 BSP THREADED 150LB 40 x 32,each,52.97
BUSH REDUCING SS316 BSP THREADED 150LB 50 x 25,each,119.10
BUSH REDUCING SS316 BSP THREADED 150LB 50 x 32,each,92.78
BUSH REDUCING SS316 BSP THREADED 150LB 50 x 40,each,66.21
BUSH REDUCING SS316 BSP THREADED 150LB 65 x 50,each,157.45
BUSH REDUCING SS316 BSP THREADED 150LB 8 x 6,each,8.35
BUSH REDUCING SS316 BSP THREADED 150LB 80 x 50,each,233.57
BUSH REDUCING SS316 BSP THREADED 150LB 80 x 65,each,128.98
ELBOW GRADE 304 L 100 x 90 LR x SCH10,each,268.38
ELBOW GRADE 304 L 15 x 90 LR x SCH10,each,24.77
ELBOW GRADE 304 L 150 x 90 LR x SCH10,each,902.30
ELBOW GRADE 304 L 20 x 90 LR x SCH10,each,30.65
ELBOW GRADE 304 L 20 x 90 LR x SCH40,each,39.62
ELBOW GRADE 304 L 200 x 90 LR x SCH10,each,881.47
ELBOW GRADE 304 L 25 x 90 LR x SCH10,each,29.23
ELBOW GRADE 304 L 32 x 90 LR x SCH10,each,34.60
ELBOW GRADE 304 L 40 x 90 LR x SCH10,each,56.05
ELBOW GRADE 304 L 40 x 90 LR x SCH40,each,95.66
ELBOW GRADE 304 L 50 x 90 LR x SCH10,each,76.30
ELBOW GRADE 304 L 65 x 90 LR x SCH10,each,126.05
ELBOW GRADE 304 L 80 x 90 LR x SCH10,each,169.63
ELBOW GRADE 316 L 100 x 90 LR x SCH10,each,542.00
ELBOW GRADE 316 L 100 x 90 LR x SCH40,each,1157.57
ELBOW GRADE 316 L 15 x 90 LR x SCH10,each,37.49
ELBOW GRADE 316 L 15 x 90 LR x SCH40,each,23.66
ELBOW GRADE 316 L 150 x 90 LR x SCH10,each,1344.01
ELBOW GRADE 316 L 20 x 90 LR x SCH10,each,37.77
ELBOW GRADE 316 L 200 x 90 LR x SCH10,each,2620.67
ELBOW GRADE 316 L 25 x 90 LR x SCH10,each,34.89
ELBOW GRADE 316 L 25 x 90 LR x SCH40,each,62.53
ELBOW GRADE 316 L 32 x 90 LR x SCH10,each,68.41
ELBOW GRADE 316 L 32 x 90 LR x SCH40,each,51.63
ELBOW GRADE 316 L 40 x 90 LR x SCH10,each,96.58
ELBOW GRADE 316 L 40 x 90 LR x SCH40,each,111.75
ELBOW GRADE 316 L 50 x 90 LR x SCH10,each,131.87
ELBOW GRADE 316 L 50 x 90 LR x SCH40,each,126.79
ELBOW GRADE 316 L 65 x 90 LR x SCH10,each,212.34
ELBOW GRADE 316 L 80 x 90 LR x SCH10,each,250.73
ELBOW GRADE 316 L 80 x 90 LR x SCH40,each,478.33
ELBOW SS316 BSP THREADED 150LB 10 x 90 x FF,each,20.55
ELBOW SS316 BSP THREADED 150LB 15 x 90 x FF,each,18.80
ELBOW SS316 BSP THREADED 150LB 20 x 90 x FF,each,24.65
ELBOW SS316 BSP THREADED 150LB 25 x 90 x FF,each,59.72
ELBOW SS316 BSP THREADED 150LB 32 x 90 x FF,each,67.49
ELBOW SS316 BSP THREADED 150LB 40 x 90 x FF,each,115.69
ELBOW SS316 BSP THREADED 150LB 50 x 90 x FF,each,135.54
ELBOW SS316 BSP THREADED 150LB 8 x 90 x FF,each,14.24
ELBOW SS316 BSP THREADED 150LB 80 x 90 x FF,each,413.86
NIPPLE SS316 BSP THREADED 150LB 10 x BARREL,each,12.52
NIPPLE SS316 BSP THREADED 150LB 100 x BARREL,each,357.52
NIPPLE SS316 BSP THREADED 150LB 15 x BARREL,each,14.16
NIPPLE SS316 BSP THREADED 150LB 15 x HEX,each,17.65
NIPPLE SS316 BSP THREADED 150LB 15 x SWAGE,each,25.04
NIPPLE SS316 BSP THREADED 150LB 20 x BARREL,each,25.69
NIPPLE SS316 BSP THREADED 150LB 20 x SWAGE,each,24.41
NIPPLE SS316 BSP THREADED 150LB 25 x BARREL,each,35.32
NIPPLE SS316 BSP THREADED 150LB 25 x SWAGE,each,37.05
NIPPLE SS316 BSP THREADED 150LB 32 x BARREL,each,63.82
NIPPLE SS316 BSP THREADED 150LB 32 x SWAGE,each,55.47
NIPPLE SS316 BSP THREADED 150LB 40 x BARREL,each,64.70
NIPPLE SS316 BSP THREADED 150LB 40 x SWAGE,each,73.88
NIPPLE SS316 BSP THREADED 150LB 50 x BARREL,each,84.26
NIPPLE SS316 BSP THREADED 150LB 50 x SWAGE,each,149.08
NIPPLE SS316 BSP THREADED 150LB 6 x BARREL,each,10.60
NIPPLE SS316 BSP THREADED 150LB 65 x BARREL,each,113.20
NIPPLE SS316 BSP THREADED 150LB 8 x BARREL,each,10.60
NIPPLE SS316 BSP THREADED 150LB 80 x BARREL,each,203.74
NIPPLE SS316 BSP THREADED 150LB 80 x SWAGE,each,467.91
PLUG SS316 BSP THREADED 150LB 10 x SQUARE,each,6.11
PLUG SS316 BSP THREADED 150LB 15 x SQUARE,each,17.47
PLUG SS316 BSP THREADED 150LB 20 x SQUARE,each,15.17
PLUG SS316 BSP THREADED 150LB 25 x SQUARE,each,18.61
PLUG SS316 BSP THREADED 150LB 32 x SQUARE,each,25.51
PLUG SS316 BSP THREADED 150LB 40 x SQUARE,each,29.70
PLUG SS316 BSP THREADED 150LB 50 x SQUARE,each,60.33
PLUG SS316 BSP THREADED 150LB 8 x SQUARE,each,8.93
REDUCER CONCENTRIC GRADE 304 L 100 x 50 x SCH10,each,227.70
REDUCER CONCENTRIC GRADE 304 L 100 x 80 x SCH10,each,122.01
REDUCER CONCENTRIC GRADE 304 L 150 x 100 x SCH10,each,520.10
REDUCER CONCENTRIC GRADE 304 L 25 x 15 x SCH10,each,59.69
REDUCER CONCENTRIC GRADE 304 L 40 x 25 x SCH10,each,42.11
REDUCER CONCENTRIC GRADE 304 L 50 x 25 x SCH10,each,126.18
REDUCER CONCENTRIC GRADE 304 L 50 x 40 x SCH10,each,51.92
REDUCER CONCENTRIC GRADE 304 L 65 x 50 x SCH10,each,81.79
REDUCER CONCENTRIC GRADE 304 L 80 x 50 x SCH10,each,99.08
REDUCER CONCENTRIC GRADE 316 L 100 x 50 x SCH10,each,196.13
REDUCER CONCENTRIC GRADE 316 L 100 x 80 x SCH10,each,212.82
REDUCER CONCENTRIC GRADE 316 L 150 x 100 x SCH10,each,668.68
REDUCER CONCENTRIC GRADE 316 L 25 x 15 x SCH10,each,73.29
REDUCER CONCENTRIC GRADE 316 L 25 x 20 x SCH10,each,51.39
REDUCER CONCENTRIC GRADE 316 L 40 x 25 x SCH10,each,98.53
REDUCER CONCENTRIC GRADE 316 L 50 x 25 x SCH10,each,150.34
REDUCER CONCENTRIC GRADE 316 L 50 x 32 x SCH10,each,73.95
REDUCER CONCENTRIC GRADE 316 L 50 x 40 x SCH10,each,122.92
REDUCER CONCENTRIC GRADE 316 L 80 x 40 x SCH10,each,227.19
REDUCER CONCENTRIC GRADE 316 L 80 x 50 x SCH10,each,158.02
SOCKET SS316 BSP THREADED 150LB 10,each,14.57
SOCKET SS316 BSP THREADED 150LB 100,each,433.83
SOCKET SS316 BSP THREADED 150LB 15,each,20.55
SOCKET SS316 BSP THREADED 150LB 20,each,27.42
SOCKET SS316 BSP THREADED 150LB 25,each,39.94
SOCKET SS316 BSP THREADED 150LB 32,each,43.30
SOCKET SS316 BSP THREADED 150LB 40,each,73.00
SOCKET SS316 BSP THREADED 150LB 50,each,106.39
SOCKET SS316 BSP THREADED 150LB 6,each,13.29
SOCKET SS316 BSP THREADED 150LB 65,each,124.74
SOCKET SS316 BSP THREADED 150LB 8,each,13.88
SOCKET SS316 BSP THREADED 150LB 80,each,248.92
TEE EQUAL GRADE 304 L 100 x SCH10,each,394.09
TEE EQUAL GRADE 304 L 15 x SCH10,each,31.06
TEE EQUAL GRADE 304 L 150 x SCH10,each,661.58
TEE EQUAL GRADE 304 L 20 x SCH10,each,47.14
TEE EQUAL GRADE 304 L 25 x SCH10,each,49.97
TEE EQUAL GRADE 304 L 40 x SCH10,each,358.30
TEE EQUAL GRADE 304 L 50 x SCH10,each,284.39
TEE EQUAL GRADE 304 L 80 x SCH10,each,201.25
TEE EQUAL GRADE 316 L 100 x SCH10,each,619.64
TEE EQUAL GRADE 316 L 25 x SCH10,each,79.06
TEE EQUAL GRADE 316 L 25 x SCH40,each,81.79
TEE EQUAL GRADE 316 L 32 x SCH10,each,93.47
TEE EQUAL GRADE 316 L 50 x SCH10,each,170.69
TEE EQUAL GRADE 316 L 50 x SCH40,each,219.38
TEE EQUAL GRADE 316 L 80 x SCH10,each,383.05
TEE EQUAL SS316 BSP THREADED 150LB 10 x F,each,30.94
TEE EQUAL SS316 BSP THREADED 150LB 15 x F,each,28.84
TEE EQUAL SS316 BSP THREADED 150LB 20 x F,each,43.16
TEE EQUAL SS316 BSP THREADED 150LB 25 x F,each,81.35
TEE EQUAL SS316 BSP THREADED 150LB 32 x F,each,91.16
TEE EQUAL SS316 BSP THREADED 150LB 40 x F,each,108.08
TEE EQUAL SS316 BSP THREADED 150LB 50 x F,each,238.65
TEE EQUAL SS316 BSP THREADED 150LB 8 x F,each,15.34
TEE EQUAL SS316 BSP THREADED 150LB 80 x F,each,681.65
UNION SS316 BSP THREADED 150LB 10 x CF,each,53.47
UNION SS316 BSP THREADED 150LB 15 x CF,each,65.29
UNION SS316 BSP THREADED 150LB 20 x CF,each,87.65
UNION SS316 BSP THREADED 150LB 25 x CF,each,134.31
UNION SS316 BSP THREADED 150LB 32 x CF,each,189.41
UNION SS316 BSP THREADED 150LB 40 x CF,each,187.17
UNION SS316 BSP THREADED 150LB 50 x CF,each,277.41
UNION SS316 BSP THREADED 150LB 8 x CF,each,40.61
PIPE UNCOATED PLAIN ENDED CQ HR SANS62 100 x MED 6.000Mtr UNSCARFED,m,191.32
PIPE UNCOATED PLAIN ENDED CQ HR SANS62 100 x MED 6.000Mtr SCARFED,m,194.62
PIPE UNCOATED PLAIN ENDED CQ HR SANS62 125 x MED 6.000Mtr UNSCARFED,m,252.83
PIPE UNCOATED PLAIN ENDED CQ HR SANS62 125 x MED 6.000Mtr SCARFED,m,257.15
PIPE UNCOATED PLAIN ENDED CQ HR SANS62 15 x HVY 6.000Mtr UNSCARFED,m,27.84
PIPE UNCOATED PLAIN ENDED CQ HR SANS62 15 x MED 6.000Mtr UNSCARFED,m,22.02
PIPE UNCOATED PLAIN ENDED CQ HR SANS62 150 x HVY 6.000Mtr SCARFED,m,355.76
PIPE UNCOATED PLAIN ENDED CQ HR SANS62 150 x MED 6.000Mtr UNSCARFED,m,300.16
PIPE UNCOATED PLAIN ENDED CQ HR SANS62 150 x MED 6.000Mtr SCARFED,m,305.34
PIPE UNCOATED PLAIN ENDED CQ HR SANS62 20 x HVY 6.000Mtr UNSCARFED,m,32.28
PIPE UNCOATED PLAIN ENDED CQ HR SANS62 20 x MED 6.000Mtr UNSCARFED,m,28.31
PIPE UNCOATED PLAIN ENDED CQ HR SANS62 25 x HVY 6.000Mtr UNSCARFED,m,50.04
PIPE UNCOATED PLAIN ENDED CQ HR SANS62 25 x MED 6.000Mtr UNSCARFED,m,39.13
PIPE UNCOATED PLAIN ENDED CQ HR SANS62 32 x HVY 6.000Mtr UNSCARFED,m,64.75
PIPE UNCOATED PLAIN ENDED CQ HR SANS62 32 x MED 6.000Mtr UNSCARFED,m,50.14
PIPE UNCOATED PLAIN ENDED CQ HR SANS62 40 x HVY 6.000Mtr UNSCARFED,m,75.11
PIPE UNCOATED PLAIN ENDED CQ HR SANS62 40 x MED 6.000Mtr UNSCARFED,m,57.63
PIPE UNCOATED PLAIN ENDED CQ HR SANS62 50 x HVY 6.000Mtr SCARFED,m,106.19
PIPE UNCOATED PLAIN ENDED CQ HR SANS62 50 x MED 6.000Mtr UNSCARFED,m,81.86
PIPE UNCOATED PLAIN ENDED CQ HR SANS62 65 x HVY 6.000Mtr SCARFED,m,135.98
PIPE UNCOATED PLAIN ENDED CQ HR SANS62 65 x MED 6.000Mtr SCARFED,m,105.45
PIPE UNCOATED PLAIN ENDED CQ HR SANS62 65 x MED 6.000Mtr UNSCARFED,m,103.60
PIPE UNCOATED PLAIN ENDED CQ HR SANS62 80 x MED 6.000Mtr UNSCARFED,m,132.89
PIPE UNCOATED PLAIN ENDED CQ HR SANS62 80 x MED 6.000Mtr SCARFED,m,135.14
PIPE UNCOATED PLAIN ENDED CQ HR SANS719 GRADE A 200 x 3.5 6.100Mtr,m,356.65
PIPE UNCOATED PLAIN ENDED CQ HR SANS719 GRADE A 200 x 4.5 6.100Mtr,m,461.65
PIPE UNCOATED PLAIN ENDED CQ HR SANS719 GRADE A 200 x 6.0 6.100Mtr,m,629.33
PIPE UNCOATED PLAIN ENDED SANS 719 GRADE B 250 x 6 6.100Mtr,m,966.98
PIPE UNCOATED PLAIN ENDED SANS 719 GRADE B 300 x 6 6.100Mtr,m,1151.49
PIPE UNCOATED PLAIN ENDED SANS 719 GRADE B 350 x 6 6.100Mtr,m,1291.42
PIPE UNCOATED PLAIN ENDED SANS 719 GRADE B 400 x 6 6.100Mtr,m,1475.66
PIPE UNCOATED PLAIN ENDED SANS 719 GRADE B 250 x 4.5 6.100Mtr,m,729.33
PIPE UNCOATED PLAIN ENDED SANS 719 GRADE B 300 x 4.5 6.100Mtr,m,867.62
PIPE UNCOATED PLAIN ENDED SANS 719 GRADE B 350 x 4.5 6.100Mtr,m,972.70
PIPE UNCOATED PLAIN ENDED SANS 719 GRADE B 400 x 4.5 6.100Mtr,m,1110.82
PIPE UNCOATED PLAIN ENDED SANS 719 GRADE B 450 x 4.5 6.100Mtr,m,1252.02
PIPE UNCOATED PLAIN ENDED SANS 719 GRADE B 500 x 4.5 6.100Mtr,m,1454.92
FORGED FLANGE ASTM/ASME A/SA 105 ASA300 x RF x BLD x 150,each,1383.19
FORGED FLANGE ASTM/ASME A/SA 105 ASA300 x RF x BLD x 200,each,2079.84
FORGED FLANGE ASTM/ASME A/SA 105 ASA300 x RF x SO x 100,each,565.05
FORGED FLANGE ASTM/ASME A/SA 105 ASA300 x RF x SO x 15,each,73.64
FORGED FLANGE ASTM/ASME A/SA 105 ASA300 x RF x SO x 150,each,918.72
FORGED FLANGE ASTM/ASME A/SA 105 ASA300 x RF x SO x 200,each,1417.61
FORGED FLANGE ASTM/ASME A/SA 105 ASA300 x RF x SO x 25,each,108.22
FORGED FLANGE ASTM/ASME A/SA 105 ASA300 x RF x SO x 250,each,2019.45
FORGED FLANGE ASTM/ASME A/SA 105 ASA300 x RF x SO x 50,each,201.16
FORGED FLANGE ASTM/ASME A/SA 105 ASA300 x RF x WN160 x 50,each,311.27
FORGED FLANGE ASTM/ASME A/SA 105 ASA300 x RF x WN40 x 100,each,776.81
FORGED FLANGE ASTM/ASME A/SA 105 ASA300 x RF x WN40 x 150,each,1328.36
FORGED FLANGE ASTM/ASME A/SA 105 ASA300 x RF x WN40 x 200,each,2059.72
FORGED FLANGE ASTM/ASME A/SA 105 ASA300 x RF x WN40 x 25,each,178.35
FORGED FLANGE ASTM/ASME A/SA 105 ASA300 x RF x WN40 x 250,each,3003.91
FORGED FLANGE ASTM/ASME A/SA 105 ASA300 x RF x WN40 x 80,each,476.94
FORGED FLANGE ASTM/ASME A/SA 105 ASA300 x RF x WN80 x 100,each,809.37
FORGED FLANGE ASTM/ASME A/SA 105 ASA300 x RF x WN80 x 200,each,2211.00
FORGED FLANGE ASTM/ASME A/SA 105 ASA300 x RF x WN80 x 25,each,162.57
