code,description,unit,price
PVCFMA10016,PVC Socket 16 mm PVCFMA10016,each,15.03
PVCFMA10020,PVC Socket 20 mm PVCFMA10020,each,10.66
PVCFMA10025,PVC Socket 25 mm PVCFMA10025,each,10.91
PVCFMA10032,PVC Socket 32 mm PVCFMA10032,each,12.90
PVCFMA10040,PVC Socket 40 mm PVCFMA10040,each,18.77
PVCFMA10050,PVC Socket 50 mm PVCFMA10050,each,22.90
PVCFMA10063,PVC Socket 63 mm PVCFMA10063,each,35.52
PVCFMA10075,PVC Socket 75 mm PVCFMA10075,each,84.83
PVCFMA10090,PVC Socket 90 mm PVCFMA10090,each,146.35
PVCFMA10110,PVC Socket 110 mm PVCFMA10110,each,203.63
PVCFMA10125,PVC Socket 125 mm PVCFMA10125,each,330.82
PVCFMA10140,PVC Socket 140 mm PVCFMA10140,each,428.51
PVCFMA10160,PVC Socket 160 mm PVCFMA10160,each,514.15
PVCFMA10200,PVC Socket 200 mm PVCFMA10200,each,1262.09
PVCFMA10225,PVC Socket 225 mm PVCFMA10225,each,1409.26
PVCFMA10250,PVC Socket 250 mm PVCFMA10250,each,3952.95
PVCFMA10315,PVC Socket 315 mm PVCFMA10315,each,4929.80
PVCFMA10355,PVC Socket 355 mm PVCFMA10355,each,9286.66
PVCFMA10400,PVC Socket 400 mm PVCFMA10400,each,10327.15
PVCFMR100200016,PVC Reducing socket 20 x 16 mm PVCFMR100200016,each,16.92
PVCFMR100250020,PVC Reducing socket 25 x 20 mm PVCFMR100250020,each,16.53
PVCFMR100320025,PVC Reducing socket 32 x 25 mm PVCFMR100320025,each,17.82
PVCFMR100400032,PVC Reducing socket 40 x 32 mm PVCFMR100400032,each,25.44
PVCFMR100500040,PVC Reducing socket 50 x 40 mm PVCFMR100500040,each,31.82
PVCFMR100630050,PVC Reducing socket 63 x 50 mm PVCFMR100630050,each,43.27
PVCFMR100750063,PVC Reducing socket 75 x 63 mm PVCFMR100750063,each,90.36
PVCFMR100900075,PVC Reducing socket 90 x 75 mm PVCFMR100900075,each,147.18
PVCFMR101100090,PVC Reducing socket 110 x 90 mm PVCFMR101100090,each,215.08
PVCFMR101250110,PVC Reducing socket 125 x 110 mm PVCFMR101250110,each,350.36
PVCFMR101400110,PVC Reducing socket 140 x 110 mm PVCFMR101400110,each,401.12
PVCFMR101400125,PVC Reducing socket 140 x 125 mm PVCFMR101400125,each,894.80
PVCFMR101600110,PVC Reducing socket 160 x 110 mm PVCFMR101600110,each,1174.62
PVCFMR101600125,PVC Reducing socket 160 x 125 mm PVCFMR101600125,each,1156.10
PVCFMR101600140,PVC Reducing socket 160 x 140 mm PVCFMR101600140,each,1325.42
PVCFMR102000160,PVC Reducing socket 200 x 160 mm PVCFMR102000160,each,2444.80
PVCFMR102500160,PVC Reducing socket 250 x 160 mm PVCFMR102500160,each,5713.67
PVCFMR102500200,PVC Reducing socket 250 x 200 mm PVCFMR102500200,each,5713.67
PVCFRC100200016,PVC Reducing bush 20 x 16 mm PVCFRC100200016,each,12.46
PVCFRC100250016,PVC Reducing bush 25 x 16 mm PVCFRC100250016,each,13.85
PVCFRC100250020,PVC Reducing bush 25 x 20 mm PVCFRC100250020,each,11.80
PVCFRC100320016,PVC Reducing bush 32 x 16 mm PVCFRC100320016,each,14.34
PVCFRC100320020,PVC Reducing bush 32 x 20 mm PVCFRC100320020,each,14.00
PVCFRC100320025,PVC Reducing bush 32 x 25 mm PVCFRC100320025,each,13.42
PVCFRC100400020,PVC Reducing bush 40 x 20 mm PVCFRC100400020,each,15.27
PVCFRC100400025,PVC Reducing bush 40 x 25 mm PVCFRC100400025,each,15.27
PVCFRC100400032,PVC Reducing bush 40 x 32 mm PVCFRC100400032,each,14.97
PVCFRC100500020,PVC Reducing bush 50 x 20 mm PVCFRC100500020,each,19.09
PVCFRC100500025,PVC Reducing bush 50 x 25 mm PVCFRC100500025,each,18.71
PVCFRC100500032,PVC Reducing bush 50 x 32 mm PVCFRC100500032,each,18.71
PVCFRC100500040,PVC Reducing bush 50 x 40 mm PVCFRC100500040,each,18.71
PVCFRC100630032,PVC Reducing bush 63 x 32 mm PVCFRC100630032,each,28.67
PVCFRC100630040,PVC Reducing bush 63 x 40 mm PVCFRC100630040,each,28.01
PVCFRC100630050,PVC Reducing bush 63 x 50 mm PVCFRC100630050,each,27.45
PVCFRC100750040,PVC Reducing bush 75 x 40 mm PVCFRC100750040,each,48.20
PVCFRC100750050,PVC Reducing bush 75 x 50 mm PVCFRC100750050,each,47.09
PVCFRC100750063,PVC Reducing bush 75 x 63 mm PVCFRC100750063,each,47.09
PVCFRC100900050,PVC Reducing bush 90 x 50 mm PVCFRC100900050,each,79.46
PVCFRC100900063,PVC Reducing bush 90 x 63 mm PVCFRC100900063,each,77.64
PVCFRC100900075,PVC Reducing bush 90 x 75 mm PVCFRC100900075,each,77.64
PVCFRC101100063,PVC Reducing bush 110 x 63 mm PVCFRC101100063,each,114.54
PVCFRC101100075,PVC Reducing bush 110 x 75 mm PVCFRC101100075,each,114.54
PVCFRC101100090,PVC Reducing bush 110 x 90 mm PVCFRC101100090,each,114.54
PVCFRC101250075,PVC Reducing bush 125 x 75 mm PVCFRC101250075,each,208.40
PVCFRC101250090,PVC Reducing bush 125 x 90 mm PVCFRC101250090,each,208.40
PVCFRC101250110,PVC Reducing bush 125 x 110 mm PVCFRC101250110,each,208.40
PVCFRC101400090,PVC Reducing bush 140 x 90 mm PVCFRC101400090,each,306.09
PVCFRC101400110,PVC Reducing bush 140 x 110 mm PVCFRC101400110,each,306.09
PVCFRC101400125,PVC Reducing bush 140 x 125 mm PVCFRC101400125,each,306.09
PVCFRC101600090,PVC Reducing bush 160 x 90 mm PVCFRC101600090,each,445.44
PVCFRC101600110,PVC Reducing bush 160 x 110 mm PVCFRC101600110,each,435.24
PVCFRC101600125,PVC Reducing bush 160 x 125 mm PVCFRC101600125,each,445.44
PVCFRC101600140,PVC Reducing bush 160 x 140 mm PVCFRC101600140,each,445.44
PVCFRC102000160,PVC Reducing bush 200 x 160 mm PVCFRC102000160,each,820.55
PVCFRC102250200,PVC Reducing bush 225 x 200 mm PVCFRC102250200,each,978.14
PVCFRC102500160,PVC Reducing bush 250 x 160 mm PVCFRC102500160,each,3194.91
PVCFRC102500200,PVC Reducing bush 250 x 200 mm PVCFRC102500200,each,3194.91
PVCFRC103150200,PVC Reducing bush 315 x 200 mm PVCFRC103150200,each,3926.91
PVCFRC103150225,PVC Reducing bush 315 x 225 mm PVCFRC103150225,each,3926.91
PVCFRC103150250,PVC Reducing bush 315 x 250 mm PVCFRC103150250,each,3926.91
PVCFRC103550315,PVC Reducing bush 355 x 315 mm PVCFRC103550315,each,5280.53
PVCFRC104000315,PVC Reducing bush 400 x 315 mm PVCFRC104000315,each,6652.11
PVCFGO10016,PVC 90° elbow 16 mm PVCFGO10016,each,16.29
PVCFGO10020,PVC 90° elbow 20 mm PVCFGO10020,each,13.10
PVCFGO10025,PVC 90° elbow 25 mm PVCFGO10025,each,14.41
PVCFGO10032,PVC 90° elbow 32 mm PVCFGO10032,each,16.93
PVCFGO10040,PVC 90° elbow 40 mm PVCFGO10040,each,29.45
PVCFGO10050,PVC 90° elbow 50 mm PVCFGO10050,each,40.34
PVCFGO10063,PVC 90° elbow 63 mm PVCFGO10063,each,64.49
PVCFGO10075,PVC 90° elbow 75 mm PVCFGO10075,each,147.84
PVCFGO10090,PVC 90° elbow 90 mm PVCFGO10090,each,199.61
PVCFGO10110,PVC 90° elbow 110 mm PVCFGO10110,each,289.36
PVCFGO10125,PVC 90° elbow 125 mm PVCFGO10125,each,625.18
PVCFGO10140,PVC 90° elbow 140 mm PVCFGO10140,each,747.61
PVCFGO10160,PVC 90° elbow 160 mm PVCFGO10160,each,1113.57
PVCFGO10200,PVC 90° elbow 200 mm PVCFGO10200,each,2533.27
PVCFGO10225,PVC 90° elbow 225 mm PVCFGO10225,each,2726.04
PVCFGO10250,PVC 90° elbow 250 mm PVCFGO10250,each,6514.90
PVCFGO10315,PVC 90° elbow 315 mm PVCFGO10315,each,11379.57
PVCFGO10355,PVC 90° elbow 355 mm PVCFGO10355,each,23483.86
PVCFGO10400,PVC 90° elbow 400 mm PVCFGO10400,each,27500.20
PVCFGY10016,PVC 45° elbow 16 mm PVCFGY10016,each,19.31
PVCFGY10020,PVC 45° elbow 20 mm PVCFGY10020,each,19.69
PVCFGY10025,PVC 45° elbow 25 mm PVCFGY10025,each,24.67
PVCFGY10032,PVC 45° elbow 32 mm PVCFGY10032,each,33.63
PVCFGY10040,PVC 45° elbow 40 mm PVCFGY10040,each,40.70
PVCFGY10050,PVC 45° elbow 50 mm PVCFGY10050,each,49.26
PVCFGY10063,PVC 45° elbow 63 mm PVCFGY10063,each,80.75
PVCFGY10075,PVC 45° elbow 75 mm PVCFGY10075,each,138.48
PVCFGY10090,PVC 45° elbow 90 mm PVCFGY10090,each,190.91
PVCFGY10110,PVC 45° elbow 110 mm PVCFGY10110,each,418.71
PVCFGY10125,PVC 45° elbow 125 mm PVCFGY10125,each,550.93
PVCFGY10140,PVC 45° elbow 140 mm PVCFGY10140,each,673.38
PVCFGY10160,PVC 45° elbow 160 mm PVCFGY10160,each,777.60
PVCFGY10200,PVC 45° elbow 200 mm PVCFGY10200,each,2901.91
PVCFGY10250,PVC 45° elbow 250 mm PVCFGY10250,each,5299.70
PVCFGY10315,PVC 45° elbow 315 mm PVCFGY10315,each,10010.68
PVCFGY10400,PVC 45° elbow 400 mm PVCFGY10400,each,23087.81
PVCFCU10020,PVC Elongated 90° bend 20 mm PVCFCU10020,each,50.10
PVCFCU10025,PVC Elongated 90° bend 25 mm PVCFCU10025,each,58.86
PVCFCU10032,PVC Elongated 90° bend 32 mm PVCFCU10032,each,73.89
PVCFCU10040,PVC Elongated 90° bend 40 mm PVCFCU10040,each,96.44
PVCFCU10050,PVC Elongated 90° bend 50 mm PVCFCU10050,each,128.98
PVCFCU10063,PVC Elongated 90° bend 63 mm PVCFCU10063,each,185.35
PVCFCU10075,PVC Elongated 90° bend 75 mm PVCFCU10075,each,380.32
PVCFCU10090,PVC Elongated 90° bend 90 mm PVCFCU10090,each,514.46
PVCFCU10110,PVC Elongated 90° bend 110 mm PVCFCU10110,each,833.57
PVCFCU10125,PVC Elongated 90° bend 125 mm PVCFCU10125,each,3646.88
PVCFCU10140,PVC Elongated 90° bend 140 mm PVCFCU10140,each,3749.53
PVCFCU10160,PVC Elongated 90° bend 160 mm PVCFCU10160,each,4070.17
PVCFCU10200,PVC Elongated 90° bend 200 mm PVCFCU10200,each,9299.05
PVCFCU10250,PVC Elongated 90° bend 250 mm PVCFCU10250,each,16112.54
PVCFTI10016,PVC 90° tee 16 mm PVCFTI10016,each,22.15
PVCFTI10020,PVC 90° tee 20 mm PVCFTI10020,each,16.79
PVCFTI10025,PVC 90° tee 25 mm PVCFTI10025,each,19.51
PVCFTI10032,PVC 90° tee 32 mm PVCFTI10032,each,26.85
PVCFTI10040,PVC 90° tee 40 mm PVCFTI10040,each,40.63
PVCFTI10050,PVC 90° tee 50 mm PVCFTI10050,each,57.33
PVCFTI10063,PVC 90° tee 63 mm PVCFTI10063,each,90.36
PVCFTI10075,PVC 90° tee 75 mm PVCFTI10075,each,167.98
PVCFTI10090,PVC 90° tee 90 mm PVCFTI10090,each,245.62
PVCFTI10110,PVC 90° tee 110 mm PVCFTI10110,each,383.06
PVCFTI10125,PVC 90° tee 125 mm PVCFTI10125,each,820.55
PVCFTI10140,PVC 90° tee 140 mm PVCFTI10140,each,1101.88
PVCFTI10160,PVC 90° tee 160 mm PVCFTI10160,each,1317.20
PVCFTI10200,PVC 90° tee 200 mm PVCFTI10200,each,2511.13
PVCFTI10225,PVC 90° tee 225 mm PVCFTI10225,each,2868.00
PVCFTI10250,PVC 90° tee 250 mm PVCFTI10250,each,6809.24
PVCFTI10315,PVC 90° tee 315 mm PVCFTI10315,each,12572.63
PVCFTI10355,PVC 90° tee 355 mm PVCFTI10355,each,39076.81
PVCFTI10400,PVC 90° tee 400 mm PVCFTI10400,each,39076.81
PVCFTR100200016,PVC 90° reducing tee 20 x 16 mm PVCFTR100200016,each,24.74
PVCFTR100250016,PVC 90° reducing tee 25 x 16 mm PVCFTR100250016,each,22.15
PVCFTR100250020,PVC 90° reducing tee 25 x 20 mm PVCFTR100250020,each,20.84
PVCFTR100320016,PVC 90° reducing tee 32 x 16 mm PVCFTR100320016,each,29.95
PVCFTR100320020,PVC 90° reducing tee 32 x 20 mm PVCFTR100320020,each,29.95
PVCFTR100320025,PVC 90° reducing tee 32 x 25 mm PVCFTR100320025,each,29.26
PVCFTR100400016,PVC 90° reducing tee 40 x 16 mm PVCFTR100400016,each,45.59
PVCFTR100400020,PVC 90° reducing tee 40 x 20 mm PVCFTR100400020,each,45.59
PVCFTR100400025,PVC 90° reducing tee 40 x 25 mm PVCFTR100400025,each,45.59
PVCFTR100400032,PVC 90° reducing tee 40 x 32 mm PVCFTR100400032,each,45.59
PVCFTR100500020,PVC 90° reducing tee 50 x 20 mm PVCFTR100500020,each,63.83
PVCFTR100500025,PVC 90° reducing tee 50 x 25 mm PVCFTR100500025,each,63.83
PVCFTR100500032,PVC 90° reducing tee 50 x 32 mm PVCFTR100500032,each,63.83
PVCFTR100500040,PVC 90° reducing tee 50 x 40 mm PVCFTR100500040,each,63.83
PVCFTR100630020,PVC 90° reducing tee 63 x 20 mm PVCFTR100630020,each,96.37
PVCFTR100630025,PVC 90° reducing tee 63 x 25 mm PVCFTR100630025,each,96.37
PVCFTR100630032,PVC 90° reducing tee 63 x 32 mm PVCFTR100630032,each,96.37
PVCFTR100630040,PVC 90° reducing tee 63 x 40 mm PVCFTR100630040,each,96.37
PVCFTR100630050,PVC 90° reducing tee 63 x 50 mm PVCFTR100630050,each,96.37
PVCFTR100750032,PVC 90° reducing tee 75 x 32 mm PVCFTR100750032,each,179.74
PVCFTR100750040,PVC 90° reducing tee 75 x 40 mm PVCFTR100750040,each,179.74
PVCFTR100750050,PVC 90° reducing tee 75 x 50 mm PVCFTR100750050,each,179.74
PVCFTR100750063,PVC 90° reducing tee 75 x 63 mm PVCFTR100750063,each,179.74
PVCFTR100900040,PVC 90° reducing tee 90 x 40 mm PVCFTR100900040,each,264.40
PVCFTR100900050,PVC 90° reducing tee 90 x 50 mm PVCFTR100900050,each,264.40
PVCFTR100900063,PVC 90° reducing tee 90 x 63 mm PVCFTR100900063,each,264.40
PVCFTR100900075,PVC 90° reducing tee 90 x 75 mm PVCFTR100900075,each,264.40
PVCFTR101100050,PVC 90° reducing tee 110 x 50 mm PVCFTR101100050,each,411.58
PVCFTR101100063,PVC 90° reducing tee 110 x 63 mm PVCFTR101100063,each,411.58
PVCFTR101100075,PVC 90° reducing tee 110 x 75 mm PVCFTR101100075,each,411.58
PVCFTR101100090,PVC 90° reducing tee 110 x 90 mm PVCFTR101100090,each,411.58
PVCFTR101250063,PVC 90° reducing tee 125 x 63 mm PVCFTR101250063,each,1298.28
PVCFTR101250075,PVC 90° reducing tee 125 x 75 mm PVCFTR101250075,each,1298.28
PVCFTR101250090,PVC 90° reducing tee 125 x 90 mm PVCFTR101250090,each,1298.28
PVCFTR101250110,PVC 90° reducing tee 125 x 110 mm PVCFTR101250110,each,1298.28
PVCFTR101400075,PVC 90° reducing tee 140 x 75 mm PVCFTR101400075,each,1952.23
PVCFTR101400090,PVC 90° reducing tee 140 x 90 mm PVCFTR101400090,each,1952.23
PVCFTR101400110,PVC 90° reducing tee 140 x 110 mm PVCFTR101400110,each,1952.23
PVCFTR101400125,PVC 90° reducing tee 140 x 125 mm PVCFTR101400125,each,1952.23
PVCFTR101600090,PVC 90° reducing tee 160 x 90 mm PVCFTR101600090,each,2444.79
PVCFTR101600110,PVC 90° reducing tee 160 x 110 mm PVCFTR101600110,each,1413.17
PVCFTR101600125,PVC 90° reducing tee 160 x 125 mm PVCFTR101600125,each,2637.93
PVCFTR101600140,PVC 90° reducing tee 160 x 140 mm PVCFTR101600140,each,2637.93
PVCFTR102000110,PVC 90° reducing tee 200 x 110 mm PVCFTR102000110,each,5694.58
PVCFTR102000160,PVC 90° reducing tee 200 x 160 mm PVCFTR102000160,each,4051.51
PVCFTR102500110,PVC 90° reducing tee 250 x 110 mm PVCFTR102500110,each,9427.35
PVCFTR102500160,PVC 90° reducing tee 250 x 160 mm PVCFTR102500160,each,9427.35
PVCFTR102500200,PVC 90° reducing tee 250 x 200 mm PVCFTR102500200,each,9427.35
PVCFTR103150160,PVC 90° reducing tee 315 x 160 mm PVCFTR103150160,each,18036.72
PVCFTR103150200,PVC 90° reducing tee 315 x 200 mm PVCFTR103150200,each,17525.48
PVCFTR103150250,PVC 90° reducing tee 315 x 250 mm PVCFTR103150250,each,17525.48
PVCFTY10020,PVC 45° tee 20 mm PVCFTY10020,each,88.92
PVCFTY10025,PVC 45° tee 25 mm PVCFTY10025,each,100.18
PVCFTY10032,PVC 45° tee 32 mm PVCFTY10032,each,112.72
PVCFTY10040,PVC 45° tee 40 mm PVCFTY10040,each,155.30
PVCFTY10050,PVC 45° tee 50 mm PVCFTY10050,each,202.87
PVCFTY10063,PVC 45° tee 63 mm PVCFTY10063,each,281.78
PVCFTY10075,PVC 45° tee 75 mm PVCFTY10075,each,1265.34
PVCFTY10090,PVC 45° tee 90 mm PVCFTY10090,each,2080.78
PVCFTY10110,PVC 45° tee 110 mm PVCFTY10110,each,4217.82
PVCFTY10125,PVC 45° tee 125 mm PVCFTY10125,each,
PVCFTY10160,PVC 45° tee 160 mm PVCFTY10160,each,4492.14
PVCFCR10020,PVC Cross 20 mm PVCFCR10020,each,64.90
PVCFCR10025,PVC Cross 25 mm PVCFCR10025,each,81.11
PVCFCR10032,PVC Cross 32 mm PVCFCR10032,each,91.00
PVCFCR10040,PVC Cross 40 mm PVCFCR10040,each,192.34
PVCFCR10050,PVC Cross 50 mm PVCFCR10050,each,159.13
PVCFCR10063,PVC Cross 63 mm PVCFCR10063,each,227.50
PVCFCR10075,PVC Cross 75 mm PVCFCR10075,each,1002.67
PVCFCR10090,PVC Cross 90 mm PVCFCR10090,each,1669.11
PVCFCR10110,PVC Cross 110 mm PVCFCR10110,each,2918.72
PVCFCA10016,PVC Cap 16 mm PVCFCA10016,each,11.59
PVCFCA10020,PVC Cap 20 mm PVCFCA10020,each,11.03
PVCFCA10025,PVC Cap 25 mm PVCFCA10025,each,12.06
PVCFCA10032,PVC Cap 32 mm PVCFCA10032,each,15.91
PVCFCA10040,PVC Cap 40 mm PVCFCA10040,each,20.80
PVCFCA10050,PVC Cap 50 mm PVCFCA10050,each,28.79
PVCFCA10063,PVC Cap 63 mm PVCFCA10063,each,39.15
PVCFCA10075,PVC Cap 75 mm PVCFCA10075,each,95.73
PVCFCA10090,PVC Cap 90 mm PVCFCA10090,each,134.17
PVCFCA10110,PVC Cap 110 mm PVCFCA10110,each,190.91
PVCFCA10125,PVC Cap 125 mm PVCFCA10125,each,330.82
PVCFCA10140,PVC Cap 140 mm PVCFCA10140,each,362.08
PVCFCA10160,PVC Cap 160 mm PVCFCA10160,each,496.24
PVCFCA10200,PVC Cap 200 mm PVCFCA10200,each,1087.39
PVCFCA10250,PVC Cap 250 mm PVCFCA10250,each,3957.10
PVCFCA10315,PVC Cap 315 mm PVCFCA10315,each,6070.02
PVCFBO10016N,PVC Union 16 mm PVCFBO10016N,each,58.86
PVCFBO10020N,PVC Union 20 mm PVCFBO10020N,each,46.50
PVCFBO10025N,PVC Union 25 mm PVCFBO10025N,each,50.91
PVCFBO10032N,PVC Union 32 mm PVCFBO10032N,each,68.03
PVCFBO10040N,PVC Union 40 mm PVCFBO10040N,each,85.25
PVCFBO10050N,PVC Union 50 mm PVCFBO10050N,each,109.07
PVCFBO10063N,PVC Union 63 mm PVCFBO10063N,each,161.53
PVCFBO10075N,PVC Union 75 mm PVCFBO10075N,each,502.69
PVCFBO10090N,PVC Union 90 mm PVCFBO10090N,each,600.43
PVCFBO10110N,PVC Union 110 mm PVCFBO10110N,each,698.12
PVCFPO10016,PVC Hose adaptor 16 mm PVCFPO10016,each,22.17
PVCFPO10020,PVC Hose adaptor 20 mm PVCFPO10020,each,29.09
PVCFPO10025,PVC Hose adaptor 25 mm PVCFPO10025,each,33.24
PVCFPO10032,PVC Hose adaptor 32 mm PVCFPO10032,each,37.40
PVCFPO10040,PVC Hose adaptor 40 mm PVCFPO10040,each,47.10
PVCFPO10050,PVC Hose adaptor 50 mm PVCFPO10050,each,66.48
PVCFPO10063,PVC Hose adaptor 63 mm PVCFPO10063,each,110.81
PVCFQR10020,PVC Serrated stub flange 20 mm PVCFQR10020,each,13.77
PVCFQR10025,PVC Serrated stub flange 25 mm PVCFQR10025,each,13.77
PVCFQR10032,PVC Serrated stub flange 32 mm PVCFQR10032,each,15.03
PVCFQR10040,PVC Serrated stub flange 40 mm PVCFQR10040,each,23.80
PVCFQR10050,PVC Serrated stub flange 50 mm PVCFQR10050,each,37.57
PVCFQR10063,PVC Serrated stub flange 63 mm PVCFQR10063,each,61.17
PVCFQR10075,PVC Serrated stub flange 75 mm PVCFQR10075,each,97.98
PVCFQR10090,PVC Serrated stub flange 90 mm PVCFQR10090,each,119.63
PVCFQR10110,PVC Serrated stub flange 110 mm PVCFQR10110,each,165.45
PVCFQR10125,PVC Serrated stub flange 125 mm PVCFQR10125,each,252.66
PVCFQR10140,PVC Serrated stub flange 140 mm PVCFQR10140,each,379.60
PVCFQR10160,PVC Serrated stub flange 160 mm PVCFQR10160,each,400.88
PVCFQR10200,PVC Serrated stub flange 200 mm PVCFQR10200,each,795.81
PVCFQR10225,PVC Serrated stub flange 225 mm PVCFQR10225,each,857.01
PVCFQR10250,PVC Serrated stub flange 250 mm PVCFQR10250,each,1028.93
PVCFQR10315,PVC Serrated stub flange 315 mm PVCFQR10315,each,3192.32
PVCFQR10355,PVC Serrated stub flange 355 mm PVCFQR10355,each,6356.89
PVCFQR10400,PVC Serrated stub flange 400 mm PVCFQR10400,each,7629.13
PVCFQR10450,PVC Serrated stub flange 450 mm PVCFQR10450,each,7840.46
PVCFQR10500,PVC Serrated stub flange 500 mm PVCFQR10500,each,8121.29
PVCFFF10020,PVC Full face socket flange (DIN 8063) 20 mm PVCFFF10020,each,52.60
PVCFFF10025,PVC Full face socket flange (DIN 8063) 25 mm PVCFFF10025,each,60.12
PVCFFF10032,PVC Full face socket flange (DIN 8063) 32 mm PVCFFF10032,each,80.15
PVCFFF10040,PVC Full face socket flange (DIN 8063) 40 mm PVCFFF10040,each,102.69
PVCFFF10050,PVC Full face socket flange (DIN 8063) 50 mm PVCFFF10050,each,118.71
PVCFFF10063,PVC Full face socket flange (DIN 8063) 63 mm PVCFFF10063,each,152.96
PVCFFF10075,PVC Full face socket flange (DIN 8063) 75 mm PVCFFF10075,each,218.82
PVCFFF10090,PVC Full face socket flange (DIN 8063) 90 mm PVCFFF10090,each,248.17
PVCFFF10110,PVC Full face socket flange (DIN 8063) 110 mm PVCFFF10110,each,319.44
PVCFFF10125,PVC Full face socket flange (DIN 8063) 125 mm PVCFFF10125,each,640.71
PVCFFF10140,PVC Full face socket flange (DIN 8063) 140 mm PVCFFF10140,each,777.68
PVCFFF10160,PVC Full face socket flange (DIN 8063) 160 mm PVCFFF10160,each,1018.29
PVCFFF10200,PVC Full face socket flange (DIN 8063) 200 mm PVCFFF10200,each,1399.11
PVCFFF10225,PVC Full face socket flange (DIN 8063) 225 mm PVCFFF10225,each,2015.27
PVCFFF10250,PVC Full face socket flange (DIN 8063) 250 mm PVCFFF10250,each,4861.32
PVCFFC10020,PVC Blank flange (PN 10-16) 20 mm PVCFFC10020,each,52.60
PVCFFC10025,PVC Blank flange (PN 10-16) 25 mm PVCFFC10025,each,60.12
PVCFFC10032,PVC Blank flange (PN 10-16) 32 mm PVCFFC10032,each,80.15
PVCFFC10040,PVC Blank flange (PN 10-16) 40 mm PVCFFC10040,each,102.69
PVCFFC10050,PVC Blank flange (PN 10-16) 50 mm PVCFFC10050,each,121.49
PVCFFC10063,PVC Blank flange (PN 10-16) 63 mm PVCFFC10063,each,159.06
PVCFFC10075,PVC Blank flange (PN 10-16) 75 mm PVCFFC10075,each,199.27
PVCFFC10090,PVC Blank flange (PN 10-16) 90 mm PVCFFC10090,each,231.83
PVCFFC10110,PVC Blank flange (PN 10-16) 110 mm PVCFFC10110,each,298.26
PVCFFC10125,PVC Blank flange (PN 10-16) 125 mm PVCFFC10125,each,601.16
PVCFFC10140,PVC Blank flange (PN 10-16) 140 mm PVCFFC10140,each,707.81
PVCFFC10160,PVC Blank flange (PN 10-16) 160 mm PVCFFC10160,each,795.09
PVCFFC10200,PVC Blank flange (PN 10-16) 200 mm PVCFFC10200,each,1566.61
PVCFFL10020,PVC PVC backing ring (DIN 8063) 20 mm PVCFFL10020,each,46.33
PVCFFL10025,PVC PVC backing ring (DIN 8063) 25 mm PVCFFL10025,each,50.10
PVCFFL10032,PVC PVC backing ring (DIN 8063) 32 mm PVCFFL10032,each,56.37
PVCFFL10040,PVC PVC backing ring (DIN 8063) 40 mm PVCFFL10040,each,73.89
PVCFFL10050,PVC PVC backing ring (DIN 8063) 50 mm PVCFFL10050,each,82.66
PVCFFL10063,PVC PVC backing ring (DIN 8063) 63 mm PVCFFL10063,each,91.78
PVCFFL10075,PVC PVC backing ring (DIN 8063) 75 mm PVCFFL10075,each,128.95
PVCFFL10090,PVC PVC backing ring (DIN 8063) 90 mm PVCFFL10090,each,147.64
PVCFFL10110,PVC PVC backing ring (DIN 8063) 110 mm PVCFFL10110,each,179.43
PVCFFL10125,PVC PVC backing ring (DIN 8063) 125 mm PVCFFL10125,each,233.13
PVCFFL10140,PVC PVC backing ring (DIN 8063) 140 mm PVCFFL10140,each,269.61
PVCFFL10160,PVC PVC backing ring (DIN 8063) 160 mm PVCFFL10160,each,334.71
PVCFFL10200,PVC PVC backing ring (DIN 8063) 200 mm PVCFFL10200,each,673.38
PVCFFL10250,PVC PVC backing ring (DIN 8063) 250 mm PVCFFL10250,each,967.73
PVCFFL10315,PVC PVC backing ring (DIN 8063) 315 mm PVCFFL10315,each,2811.14
PVCFFL10400,PVC PVC backing ring (DIN 8063) 400 mm PVCFFL10400,each,5264.81
PVCFMA21000,"PVC Socket, female thread 1"" PVCFMA21000",each,29.26
PVCFMA20500,"PVC Socket, female thread 1/2"" PVCFMA20500",each,21.64
PVCFMA21500,"PVC Socket, female thread 1.1/2"" PVCFMA21500",each,55.99
PVCFMA21250,"PVC Socket, female thread 1.1/4"" PVCFMA21250",each,39.07
PVCFMA22000,"PVC Socket, female thread 2"" PVCFMA22000",each,73.81
PVCFMA22500,"PVC Socket, female thread 2.1/2"" PVCFMA22500",each,220.12
PVCFMA23000,"PVC Socket, female thread 3"" PVCFMA23000",each,263.09
PVCFMA20750,"PVC Socket, female thread 3/4"" PVCFMA20750",each,22.91
PVCFMA20375,"PVC Socket, female thread 3/8"" PVCFMA20375",each,27.35
PVCFMA24000,"PVC Socket, female thread 4"" PVCFMA24000",each,380.32
PVCFMR210000750,"PVC Reducing socket, female thread 1"" x 3/4"" PVCFMR210000750",each,40.73
PVCFMR205000375,"PVC Reducing socket, female thread 1/2"" x 3/8"" PVCFMR205000375",each,42.97
PVCFMR212501000,"PVC Reducing socket, female thread 1.1/4"" x 1"" PVCFMR212501000",each,50.78
PVCFMR220001500,"PVC Reducing socket, female thread 2"" x 1.1/2"" PVCFMR220001500",each,102.89
PVCFMR225002000,"PVC Reducing socket, female thread 2.1/2"" x 2"" PVCFMR225002000",each,233.13
PVCFMR207500500,"PVC Reducing socket, female thread 3/4"" x 1/2"" PVCFMR207500500",each,39.07
PVCFMR230002500,"PVC Reducing socket, female thread 3"" x 2.1/2"" PVCFMR230002500",each,285.23
PVCFMR240003000,"PVC Reducing socket, female thread 4"" x 3"" PVCFMR240003000",each,398.55
PVCFRI210000500,"PVC Reducing bush, male-female thread 1"" x 1/2"" PVCFRI210000500",each,22.91
PVCFRI210000750,"PVC Reducing bush, male-female thread 1"" x 3/4"" PVCFRI210000750",each,22.91
PVCFRI205000375,"PVC Reducing bush, male-female thread 1/2"" x 3/8"" PVCFRI205000375",each,20.35
PVCFRI210000375,"PVC Reducing bush, male-female thread 1"" x 3/8"" PVCFRI210000375",each,23.44
PVCFRI212501000,"PVC Reducing bush, male-female thread 1.1/4"" x 1"" PVCFRI212501000",each,33.87
PVCFRI215001000,"PVC Reducing bush, male-female thread 1.1/2"" x 1"" PVCFRI215001000",each,43.26
PVCFRI212500500,"PVC Reducing bush, male-female thread 1.1/4"" x 1/2"" PVCFRI212500500",each,33.87
PVCFRI215000500,"PVC Reducing bush, male-female thread 1.1/2"" x 1/2"" PVCFRI215000500",each,91.17
PVCFRI212500750,"PVC Reducing bush, male-female thread 1.1/4"" x 3/4"" PVCFRI212500750",each,33.87
PVCFRI215000750,"PVC Reducing bush, male-female thread 1.1/2"" x 3/4"" PVCFRI215000750",each,43.26
PVCFRI215001250,"PVC Reducing bush, male-female thread 1.1/2"" x 1.1/4"" PVCFRI215001250",each,44.28
PVCFRI220001000,"PVC Reducing bush, male-female thread 2"" x 1"" PVCFRI220001000",each,58.55
PVCFRI220001500,"PVC Reducing bush, male-female thread 2"" x 1.1/2"" PVCFRI220001500",each,59.91
PVCFRI220001250,"PVC Reducing bush, male-female thread 2"" x 1.1/4"" PVCFRI220001250",each,59.91
PVCFRI225001500,"PVC Reducing bush, male-female thread 2.1/2"" x 1.1/2"" PVCFRI225001500",each,138.06
PVCFRI225002000,"PVC Reducing bush, male-female thread 2.1/2"" x 2"" PVCFRI225002000",each,138.06
PVCFRI225001250,"PVC Reducing bush, male-female thread 2.1/2"" x 1.1/4"" PVCFRI225001250",each,138.06
PVCFRI207500500,"PVC Reducing bush, male-female thread 3/4"" x 1/2"" PVCFRI207500500",each,19.10
PVCFRI230001500,"PVC Reducing bush, male-female thread 3"" x 1.1/2"" PVCFRI230001500",each,183.63
PVCFRI230002000,"PVC Reducing bush, male-female thread 3"" x 2"" PVCFRI230002000",each,183.63
PVCFRI230002500,"PVC Reducing bush, male-female thread 3"" x 2.1/2"" PVCFRI230002500",each,183.63
PVCFRI207500375,"PVC Reducing bush, male-female thread 3/4"" x 3/8"" PVCFRI207500375",each,20.83
PVCFRI240002000,"PVC Reducing bush, male-female thread 4"" x 2"" PVCFRI240002000",each,300.86
PVCFRI240002500,"PVC Reducing bush, male-female thread 4"" x 2.1/2"" PVCFRI240002500",each,300.86
PVCFRI240003000,"PVC Reducing bush, male-female thread 4"" x 3"" PVCFRI240003000",each,300.86
PVCFMG205000750,"PVC Enlarging adaptor, male-female thread 1/2"" x 3/4"" PVCFMG205000750",each,36.48
PVCFMG212501500,"PVC Enlarging adaptor, male-female thread 1.1/4"" x 1.1/2"" PVCFMG212501500",each,48.20
PVCFMG215002000,"PVC Enlarging adaptor, male-female thread 1.1/2"" x 2"" PVCFMG215002000",each,63.83
PVCFMG220002500,"PVC Enlarging adaptor, male-female thread 2"" x 2.1/2"" PVCFMG220002500",each,132.85
PVCFMG225003000,"PVC Enlarging adaptor, male-female thread 2.1/2"" x 3"" PVCFMG225003000",each,169.33
PVCFMG207501000,"PVC Enlarging adaptor, male-female thread 3/4"" x 1"" PVCFMG207501000",each,38.18
PVCFMG203750500,"PVC Enlarging adaptor, male-female thread 3/8"" x 1/2"" PVCFMG203750500",each,44.28
PVCFMG230004000,"PVC Enlarging adaptor, male-female thread 3"" x 4"" PVCFMG230004000",each,291.76
PVCFGO21000,"PVC 90° elbow, female thread 1"" PVCFGO21000",each,29.26
PVCFGO20500,"PVC 90° elbow, female thread 1/2"" PVCFGO20500",each,19.09
PVCFGO21500,"PVC 90° elbow, female thread 1.1/2"" PVCFGO21500",each,72.93
PVCFGO21250,"PVC 90° elbow, female thread 1.1/4"" PVCFGO21250",each,48.20
PVCFGO22000,"PVC 90° elbow, female thread 2"" PVCFGO22000",each,102.89
PVCFGO22500,"PVC 90° elbow, female thread 2.1/2"" PVCFGO22500",each,257.89
PVCFGO23000,"PVC 90° elbow, female thread 3"" PVCFGO23000",each,355.57
PVCFGO20750,"PVC 90° elbow, female thread 3/4"" PVCFGO20750",each,26.73
PVCFGO20375,"PVC 90° elbow, female thread 3/8"" PVCFGO20375",each,24.74
PVCFGO24000,"PVC 90° elbow, female thread 4"" PVCFGO24000",each,575.69
PVCFTI21000,"PVC 90° tee, female thread 1"" PVCFTI21000",each,38.18
PVCFTI20500,"PVC 90° tee, female thread 1/2"" PVCFTI20500",each,23.44
PVCFTI21500,"PVC 90° tee, female thread 1.1/2"" PVCFTI21500",each,87.26
PVCFTI21250,"PVC 90° tee, female thread 1.1/4"" PVCFTI21250",each,54.72
PVCFTI22000,"PVC 90° tee, female thread 2"" PVCFTI22000",each,119.63
PVCFTI22500,"PVC 90° tee, female thread 2.1/2"" PVCFTI22500",each,319.11
PVCFTI23000,"PVC 90° tee, female thread 3"" PVCFTI23000",each,403.76
PVCFTI20750,"PVC 90° tee, female thread 3/4"" PVCFTI20750",each,29.95
PVCFTI20375,"PVC 90° tee, female thread 3/8"" PVCFTI20375",each,29.95
PVCFTI24000,"PVC 90° tee, female thread 4"" PVCFTI24000",each,709.84
PVCFCA21000,"PVC Cap, female thread 1"" PVCFCA21000",each,28.67
PVCFCA20500,"PVC Cap, female thread 1/2"" PVCFCA20500",each,20.84
PVCFCA21500,"PVC Cap, female thread 1.1/2"" PVCFCA21500",each,45.59
PVCFCA21250,"PVC Cap, female thread 1.1/4"" PVCFCA21250",each,37.77
PVCFCA22000,"PVC Cap, female thread 2"" PVCFCA22000",each,62.51
PVCFCA22500,"PVC Cap, female thread 2.1/2"" PVCFCA22500",each,208.40
PVCFCA23000,"PVC Cap, female thread 3"" PVCFCA23000",each,269.61
PVCFCA20750,"PVC Cap, female thread 3/4"" PVCFCA20750",each,24.17
PVCFCA20375,"PVC Cap, female thread 3/8"" PVCFCA20375",each,26.05
PVCFCA24000,"PVC Cap, female thread 4"" PVCFCA24000",each,378.28
PVCFBO21000,"PVC Union, female thread 1"" PVCFBO21000",each,103.08
PVCFBO20500,"PVC Union, female thread 1/2"" PVCFBO20500",each,71.64
PVCFBO21500,"PVC Union, female thread 1.1/2"" PVCFBO21500",each,171.92
PVCFBO21250,"PVC Union, female thread 1.1/4"" PVCFBO21250",each,123.73
PVCFBO22000,"PVC Union, female thread 2"" PVCFBO22000",each,237.04
PVCFBO22500,"PVC Union, female thread 2.1/2"" PVCFBO22500",each,661.63
PVCFBO23000,"PVC Union, female thread 3"" PVCFBO23000",each,709.84
PVCFBO20750,"PVC Union, female thread 3/4"" PVCFBO20750",each,80.75
PVCFBO20375,"PVC Union, female thread 3/8"" PVCFBO20375",each,89.88
PVCFBO24000,"PVC Union, female thread 4"" PVCFBO24000",each,808.83
PVCFNI21000,"PVC Nipple, male thread 1"" PVCFNI21000",each,25.85
PVCFNI20500,"PVC Nipple, male thread 1/2"" PVCFNI20500",each,18.71
PVCFNI21500,"PVC Nipple, male thread 1.1/2"" PVCFNI21500",each,36.90
PVCFNI21250,"PVC Nipple, male thread 1.1/4"" PVCFNI21250",each,33.10
PVCFNI22000,"PVC Nipple, male thread 2"" PVCFNI22000",each,53.47
PVCFNI22500,"PVC Nipple, male thread 2.1/2"" PVCFNI22500",each,153.68
PVCFNI23000,"PVC Nipple, male thread 3"" PVCFNI23000",each,195.38
PVCFNI20750,"PVC Nipple, male thread 3/4"" PVCFNI20750",each,19.96
PVCFNI20375,"PVC Nipple, male thread 3/8"" PVCFNI20375",each,22.15
PVCFNI24000,"PVC Nipple, male thread 4"" PVCFNI24000",each,306.09
PVCFNR210000750,"PVC Reducing nipple, male thread 1"" x 3/4"" PVCFNR210000750",each,36.90
PVCFNR205000375,"PVC Reducing nipple, male thread 1/2"" x 3/8"" PVCFNR205000375",each,33.24
PVCFNR212501000,"PVC Reducing nipple, male thread 1.1/4"" x 1"" PVCFNR212501000",each,48.20
PVCFNR215001250,"PVC Reducing nipple, male thread 1.1/2"" x 1.1/4"" PVCFNR215001250",each,61.20
PVCFNR220001500,"PVC Reducing nipple, male thread 2"" x 1.1/2"" PVCFNR220001500",each,88.56
PVCFNR225002000,"PVC Reducing nipple, male thread 2.1/2"" x 2"" PVCFNR225002000",each,169.33
PVCFNR207500500,"PVC Reducing nipple, male thread 3/4"" x 1/2"" PVCFNR207500500",each,31.82
PVCFNR230002500,"PVC Reducing nipple, male thread 3"" x 2.1/2"" PVCFNR230002500",each,205.78
PVCFNR240003000,"PVC Reducing nipple, male thread 4"" x 3"" PVCFNR240003000",each,311.30
PVCFTA21000,"PVC Plug, male thread 1"" PVCFTA21000",each,23.44
PVCFTA20500,"PVC Plug, male thread 1/2"" PVCFTA20500",each,15.27
PVCFTA21500,"PVC Plug, male thread 1.1/2"" PVCFTA21500",each,36.48
PVCFTA21250,"PVC Plug, male thread 1.1/4"" PVCFTA21250",each,32.56
PVCFTA22000,"PVC Plug, male thread 2"" PVCFTA22000",each,50.78
PVCFTA22500,"PVC Plug, male thread 2.1/2"" PVCFTA22500",each,171.92
PVCFTA23000,"PVC Plug, male thread 3"" PVCFTA23000",each,195.38
PVCFTA20750,"PVC Plug, male thread 3/4"" PVCFTA20750",each,20.83
PVCFTA20375,"PVC Plug, male thread 3/8"" PVCFTA20375",each,19.55
PVCFTA24000,"PVC Plug, male thread 4"" PVCFTA24000",each,342.54
PVCFRCF10000750,"PVC Reducing bush, male/female thread 1"" x 3/4"" PVCFRCF10000750",each,47.09
PVCFRCF12501000,"PVC Reducing bush, male/female thread 1.1/4"" x 1"" PVCFRCF12501000",each,56.79
PVCFRCF15001250,"PVC Reducing bush, male/female thread 1.1/2"" x 1.1/4"" PVCFRCF15001250",each,73.40
PVCFRCF20001500,"PVC Reducing bush, male/female thread 2"" x 1.1/2"" PVCFRCF20001500",each,98.35
PVCFRCF25002000,"PVC Reducing bush, male/female thread 2.1/2"" x 2"" PVCFRCF25002000",each,236.87
PVCFRCF07500500,"PVC Reducing bush, male/female thread 3/4"" x 1/2"" PVCFRCF07500500",each,45.70
PVCFRCF30002500,"PVC Reducing bush, male/female thread 3"" x 2.1/2"" PVCFRCF30002500",each,326.88
PVCFRCF40003000,"PVC Reducing bush, male/female thread 4"" x 3"" PVCFRCF40003000",each,523.60
PVCFNU41000,"PVC Back nut (hexagon), female 1"" PVCFNU41000",each,91.43
PVCFNU40500,"PVC Back nut (hexagon), female 1/2"" PVCFNU40500",each,66.48
PVCFNU41500,"PVC Back nut (hexagon), female 1.1/2"" PVCFNU41500",each,131.56
PVCFNU41250,"PVC Back nut (hexagon), female 1.1/4"" PVCFNU41250",each,106.80
PVCFNU42000,"PVC Back nut (hexagon), female 2"" PVCFNU42000",each,194.07
PVCFNU42500,"PVC Back nut (hexagon), female 2.1/2"" PVCFNU42500",each,444.63
PVCFNU43000,"PVC Back nut (hexagon), female 3"" PVCFNU43000",each,601.15
PVCFNU40750,"PVC Back nut (hexagon), female 3/4"" PVCFNU40750",each,77.56
PVCFNU44000,"PVC Back nut (hexagon), female 4"" PVCFNU44000",each,825.55
PVCFFFF1000,"PVC Full face flange, BSP threaded (PN 10-16) 1"" PVCFFFF1000",each,162.05
PVCFFFF0500,"PVC Full face flange, BSP threaded (PN 10-16) 1/2"" PVCFFFF0500",each,134.35
PVCFFFF1500,"PVC Full face flange, BSP threaded (PN 10-16) 1.1/2"" PVCFFFF1500",each,319.97
PVCFFFF1250,"PVC Full face flange, BSP threaded (PN 10-16) 1.1/4"" PVCFFFF1250",each,236.87
PVCFFFF2000,"PVC Full face flange, BSP threaded (PN 10-16) 2"" PVCFFFF2000",each,386.47
PVCFFFF2500,"PVC Full face flange, BSP threaded (PN 10-16) 2.1/2"" PVCFFFF2500",each,527.74
PVCFFFF3000,"PVC Full face flange, BSP threaded (PN 10-16) 3"" PVCFFFF3000",each,644.09
PVCFFFF0750,"PVC Full face flange, BSP threaded (PN 10-16) 3/4"" PVCFFFF0750",each,146.84
PVCFFFF4000,"PVC Full face flange, BSP threaded (PN 10-16) 4"" PVCFFFF4000",each,795.09
PVCFAF300160375,"PVC Adaptor with female thread 16 mm x 3/8"" PVCFAF300160375",each,31.25
PVCFAF300200500,"PVC Adaptor with female thread 20 mm x 1/2"" PVCFAF300200500",each,32.57
PVCFAF300200750,"PVC Adaptor with female thread 20 mm x 3/4"" PVCFAF300200750",each,35.17
PVCFAF300251000,"PVC Adaptor with female thread 25 mm x 1"" PVCFAF300251000",each,40.73
PVCFAF300250500,"PVC Adaptor with female thread 25 mm x 1/2"" PVCFAF300250500",each,25.46
PVCFAF300250750,"PVC Adaptor with female thread 25 mm x 3/4"" PVCFAF300250750",each,36.90
PVCFAF300321000,"PVC Adaptor with female thread 32 mm x 1"" PVCFAF300321000",each,44.54
PVCFAF300320750,"PVC Adaptor with female thread 32 mm x 3/4"" PVCFAF300320750",each,43.27
PVCFAF300401000,"PVC Adaptor with female thread 40 mm x 1"" PVCFAF300401000",each,47.09
PVCFAF300401250,"PVC Adaptor with female thread 40 mm x 1.1/4"" PVCFAF300401250",each,47.09
PVCFAF300501500,"PVC Adaptor with female thread 50 mm x 1.1/2"" PVCFAF300501500",each,57.28
PVCFAF300502000,"PVC Adaptor with female thread 50 mm x 2"" PVCFAF300502000",each,77.64
PVCFAF300501250,"PVC Adaptor with female thread 50 mm x 1.1/4"" PVCFAF300501250",each,53.40
PVCFAF300631500,"PVC Adaptor with female thread 63 mm x 1.1/2"" PVCFAF300631500",each,106.80
PVCFAF300632000,"PVC Adaptor with female thread 63 mm x 2"" PVCFAF300632000",each,106.80
PVCFAF300752000,"PVC Adaptor with female thread 75 mm x 2"" PVCFAF300752000",each,138.06
PVCFAF300752500,"PVC Adaptor with female thread 75 mm x 2.1/2"" PVCFAF300752500",each,178.43
PVCFAF300753000,"PVC Adaptor with female thread 75 mm x 3"" PVCFAF300753000",each,199.27
PVCFAF300902500,"PVC Adaptor with female thread 90 mm x 2.1/2"" PVCFAF300902500",each,209.70
PVCFAF300903000,"PVC Adaptor with female thread 90 mm x 3"" PVCFAF300903000",each,234.45
PVCFAF300904000,"PVC Adaptor with female thread 90 mm x 4"" PVCFAF300904000",each,273.52
PVCFAF301103000,"PVC Adaptor with female thread 110 mm x 3"" PVCFAF301103000",each,285.23
PVCFAF301104000,"PVC Adaptor with female thread 110 mm x 4"" PVCFAF301104000",each,313.90
PVCFAM3001200160375,"PVC Adaptor with male thread 12 x 16 mm x 3/8"" PVCFAM3001200160375",each,22.15
PVCFAM3001600200500,"PVC Adaptor with male thread 16 x 20 mm x 1/2"" PVCFAM3001600200500",each,22.15
PVCFAM3001600200375,"PVC Adaptor with male thread 16 x 20 mm x 3/8"" PVCFAM3001600200375",each,22.15
PVCFAM3002000250500,"PVC Adaptor with male thread 20 x 25 mm x 1/2"" PVCFAM3002000250500",each,17.46
PVCFAM3002000250750,"PVC Adaptor with male thread 20 x 25 mm x 3/4"" PVCFAM3002000250750",each,17.46
PVCFAM3002000250375,"PVC Adaptor with male thread 20 x 25 mm x 3/8"" PVCFAM3002000250375",each,19.39
PVCFAM3002500321000,"PVC Adaptor with male thread 25 x 32 mm x 1"" PVCFAM3002500321000",each,19.51
PVCFAM3002500320500,"PVC Adaptor with male thread 25 x 32 mm x 1/2"" PVCFAM3002500320500",each,19.09
PVCFAM3002500320750,"PVC Adaptor with male thread 25 x 32 mm x 3/4"" PVCFAM3002500320750",each,18.48
PVCFAM3003200401000,"PVC Adaptor with male thread 32 x 40 mm x 1"" PVCFAM3003200401000",each,23.17
PVCFAM3003200400750,"PVC Adaptor with male thread 32 x 40 mm x 3/4"" PVCFAM3003200400750",each,23.69
PVCFAM3003200401250,"PVC Adaptor with male thread 32 x 40 mm x 1.1/4"" PVCFAM3003200401250",each,32.20
PVCFAM3004000501000,"PVC Adaptor with male thread 40 x 50 mm x 1"" PVCFAM3004000501000",each,32.00
PVCFAM3004000501500,"PVC Adaptor with male thread 40 x 50 mm x 1.1/2"" PVCFAM3004000501500",each,45.13
PVCFAM3004000501250,"PVC Adaptor with male thread 40 x 50 mm x 1.1/4"" PVCFAM3004000501250",each,32.43
PVCFAM3005000631500,"PVC Adaptor with male thread 50 x 63 mm x 1.1/2"" PVCFAM3005000631500",each,48.02
PVCFAM3005000632000,"PVC Adaptor with male thread 50 x 63 mm x 2"" PVCFAM3005000632000",each,53.65
PVCFAM3005000631250,"PVC Adaptor with male thread 50 x 63 mm x 1.1/4"" PVCFAM3005000631250",each,49.63
PVCFAM3006300751500,"PVC Adaptor with male thread 63 x 75 mm x 1.1/2"" PVCFAM3006300751500",each,59.81
PVCFAM3006300752000,"PVC Adaptor with male thread 63 x 75 mm x 2"" PVCFAM3006300752000",each,59.81
PVCFAM3006300752500,"PVC Adaptor with male thread 63 x 75 mm x 2.1/2"" PVCFAM3006300752500",each,101.11
PVCFAM3007500902000,"PVC Adaptor with male thread 75 x 90 mm x 2"" PVCFAM3007500902000",each,165.45
PVCFAM3007500902500,"PVC Adaptor with male thread 75 x 90 mm x 2.1/2"" PVCFAM3007500902500",each,178.18
PVCFAM3007500903000,"PVC Adaptor with male thread 75 x 90 mm x 3"" PVCFAM3007500903000",each,201.07
PVCFAM3009001102500,"PVC Adaptor with male thread 90 x 110 mm x 2.1/2"" PVCFAM3009001102500",each,229.23
PVCFAM3009001103000,"PVC Adaptor with male thread 90 x 110 mm x 3"" PVCFAM3009001103000",each,250.71
PVCFAM3009001104000,"PVC Adaptor with male thread 90 x 110 mm x 4"" PVCFAM3009001104000",each,256.59
PVCFAM3011001253000,"PVC Adaptor with male thread 110 x 125 mm x 3"" PVCFAM3011001253000",each,323.01
PVCFAM3011001254000,"PVC Adaptor with male thread 110 x 125 mm x 4"" PVCFAM3011001254000",each,339.80
PVCFAM3011001255000,"PVC Adaptor with male thread 110 x 125 mm x 5"" PVCFAM3011001255000",each,556.83
PVCFMA300160375,"PVC Socket, plain / female thread 16 mm x 3/8"" PVCFMA300160375",each,24.74
PVCFMA300200500,"PVC Socket, plain / female thread 20 mm x 1/2"" PVCFMA300200500",each,22.91
PVCFMA300250750,"PVC Socket, plain / female thread 25 mm x 3/4"" PVCFMA300250750",each,22.45
PVCFMA300321000,"PVC Socket, plain / female thread 32 mm x 1"" PVCFMA300321000",each,26.20
PVCFMA300401250,"PVC Socket, plain / female thread 40 mm x 1.1/4"" PVCFMA300401250",each,38.19
PVCFMA300501500,"PVC Socket, plain / female thread 50 mm x 1.1/2"" PVCFMA300501500",each,58.54
PVCFMA300632000,"PVC Socket, plain / female thread 63 mm x 2"" PVCFMA300632000",each,78.91
PVCFMA300752500,"PVC Socket, plain / female thread 75 mm x 2.1/2"" PVCFMA300752500",each,225.76
PVCFMA300903000,"PVC Socket, plain / female thread 90 mm x 3"" PVCFMA300903000",each,257.89
PVCFMA301104000,"PVC Socket, plain / female thread 110 mm x 4"" PVCFMA301104000",each,367.30
PVCFGO300160375,"PVC 90° elbow, plain / female thread 16 mm x 3/8"" PVCFGO300160375",each,31.25
PVCFGO300200500,"PVC 90° elbow, plain / female thread 20 mm x 1/2"" PVCFGO300200500",each,24.17
PVCFGO300250750,"PVC 90° elbow, plain / female thread 25 mm x 3/4"" PVCFGO300250750",each,29.26
PVCFGO300321000,"PVC 90° elbow, plain / female thread 32 mm x 1"" PVCFGO300321000",each,34.37
PVCFGO300401250,"PVC 90° elbow, plain / female thread 40 mm x 1.1/4"" PVCFGO300401250",each,63.63
PVCFGO300501500,"PVC 90° elbow, plain / female thread 50 mm x 1.1/2"" PVCFGO300501500",each,87.83
PVCFGO300632000,"PVC 90° elbow, plain / female thread 63 mm x 2"" PVCFGO300632000",each,122.43
PVCFGO300752500,"PVC 90° elbow, plain / female thread 75 mm x 2.1/2"" PVCFGO300752500",each,263.09
PVCFGO300903000,"PVC 90° elbow, plain / female thread 90 mm x 3"" PVCFGO300903000",each,380.32
PVCFGO301104000,"PVC 90° elbow, plain / female thread 110 mm x 4"" PVCFGO301104000",each,575.69
PVCFTI300160375,"PVC 90° tee, plain with female off-take 16 mm x 3/8"" PVCFTI300160375",each,33.87
PVCFTI300200500,"PVC 90° tee, plain with female off-take 20 mm x 1/2"" PVCFTI300200500",each,28.67
PVCFTI300250750,"PVC 90° tee, plain with female off-take 25 mm x 3/4"" PVCFTI300250750",each,31.82
PVCFTI300321000,"PVC 90° tee, plain with female off-take 32 mm x 1"" PVCFTI300321000",each,41.98
PVCFTI300401250,"PVC 90° tee, plain with female off-take 40 mm x 1.1/4"" PVCFTI300401250",each,58.63
PVCFTI300501500,"PVC 90° tee, plain with female off-take 50 mm x 1.1/2"" PVCFTI300501500",each,88.57
PVCFTI300632000,"PVC 90° tee, plain with female off-take 63 mm x 2"" PVCFTI300632000",each,147.17
PVCFTI300752500,"PVC 90° tee, plain with female off-take 75 mm x 2.1/2"" PVCFTI300752500",each,269.61
PVCFTI300903000,"PVC 90° tee, plain with female off-take 90 mm x 3"" PVCFTI300903000",each,403.76
PVCFTI301104000,"PVC 90° tee, plain with female off-take 110 mm x 4"" PVCFTI301104000",each,661.63
PVCFBO300160375,"PVC Union, plain / female thread 16 mm x 3/8"" PVCFBO300160375",each,85.97
PVCFBO300200500,"PVC Union, plain / female thread 20 mm x 1/2"" PVCFBO300200500",each,74.23
PVCFBO300250750,"PVC Union, plain / female thread 25 mm x 3/4"" PVCFBO300250750",each,85.97
PVCFBO300321000,"PVC Union, plain / female thread 32 mm x 1"" PVCFBO300321000",each,112.00
PVCFBO300401250,"PVC Union, plain / female thread 40 mm x 1.1/4"" PVCFBO300401250",each,131.56
PVCFBO300501500,"PVC Union, plain / female thread 50 mm x 1.1/2"" PVCFBO300501500",each,179.43
PVCFBO300632000,"PVC Union, plain / female thread 63 mm x 2"" PVCFBO300632000",each,237.04
PVCFBO300752500,"PVC Union, plain / female thread 75 mm x 2.1/2"" PVCFBO300752500",each,661.63
PVCFBO300903000,"PVC Union, plain / female thread 90 mm x 3"" PVCFBO300903000",each,709.84
PVCFBO301104000,"PVC Union, plain / female thread 110 mm x 4"" PVCFBO301104000",each,857.02
PVCFBM300501500,"PVC Union, male thread one side, plain other 50 mm x 1.1/2"" PVCFBM300501500",each,110.71
PVCFBM300502000,"PVC Union, male thread one side, plain other 50 mm x 2"" PVCFBM300502000",each,110.71
PVCFBM300632000,"PVC Union, male thread one side, plain other 63 mm x 2"" PVCFBM300632000",each,157.58
PVCFRC200200375,"PVC Adaptor reducing bush, plain / thread 20 mm x 3/8"" PVCFRC200200375",each,31.32
PVCFRC200250500,"PVC Adaptor reducing bush, plain / thread 25 mm x 1/2"" PVCFRC200250500",each,34.55
PVCFRC200250375,"PVC Adaptor reducing bush, plain / thread 25 mm x 3/8"" PVCFRC200250375",each,34.54
PVCFRC200320750,"PVC Adaptor reducing bush, plain / thread 32 mm x 3/4"" PVCFRC200320750",each,35.74
PVCFRC200401000,"PVC Adaptor reducing bush, plain / thread 40 mm x 1"" PVCFRC200401000",each,54.23
PVCFRC200501250,"PVC Adaptor reducing bush, plain / thread 50 mm x 1.1/4"" PVCFRC200501250",each,81.15
PVCFRC200631500,"PVC Adaptor reducing bush, plain / thread 63 mm x 1.1/2"" PVCFRC200631500",each,116.49
PVCFRC200752000,"PVC Adaptor reducing bush, plain / thread 75 mm x 2"" PVCFRC200752000",each,147.82
PVCFRC200902500,"PVC Adaptor reducing bush, plain / thread 90 mm x 2.1/2"" PVCFRC200902500",each,231.38
PVCFRC201103000,"PVC Adaptor reducing bush, plain / thread 110 mm x 3"" PVCFRC201103000",each,315.34
PVCFPO200120250,"PVC Hose adaptor, male thread 12 mm x 1/4"" PVCFPO200120250",each,29.95
PVCFPO200160375,"PVC Hose adaptor, male thread 16 mm x 3/8"" PVCFPO200160375",each,24.93
PVCFPO200200500,"PVC Hose adaptor, male thread 20 mm x 1/2"" PVCFPO200200500",each,33.24
PVCFPO200250750,"PVC Hose adaptor, male thread 25 mm x 3/4"" PVCFPO200250750",each,37.40
PVCFPO200321000,"PVC Hose adaptor, male thread 32 mm x 1"" PVCFPO200321000",each,42.95
PVCFPO200401250,"PVC Hose adaptor, male thread 40 mm x 1.1/4"" PVCFPO200401250",each,62.34
PVCFPO200501500,"PVC Hose adaptor, male thread 50 mm x 1.1/2"" PVCFPO200501500",each,78.94
PVCFPO200632000,"PVC Hose adaptor, male thread 63 mm x 2"" PVCFPO200632000",each,121.89
PVCFMIL00200500,"PVC Conversion socket, metric / imperial 20 mm x 1/2"" PVCFMIL00200500",each,52.10
PVCFMIL00250750,"PVC Conversion socket, metric / imperial 25 mm x 3/4"" PVCFMIL00250750",each,58.63
PVCFMIL00321000,"PVC Conversion socket, metric / imperial 32 mm x 1"" PVCFMIL00321000",each,67.74
PVCFMIL00401250,"PVC Conversion socket, metric / imperial 40 mm x 1.1/4"" PVCFMIL00401250",each,88.56
PVCFMIL00501500,"PVC Conversion socket, metric / imperial 50 mm x 1.1/2"" PVCFMIL00501500",each,115.92
PVCFMIL00632000,"PVC Conversion socket, metric / imperial 63 mm x 2"" PVCFMIL00632000",each,197.97
PVCFMIL00903000,"PVC Conversion socket, metric / imperial 90 mm x 3"" PVCFMIL00903000",each,402.47
PVCFMIL01104000,"PVC Conversion socket, metric / imperial 110 mm x 4"" PVCFMIL01104000",each,703.33
GASKQR10020,PVC Gasket for QR1 serrated stub 20 mm GASKQR10020,each,31.12
GASKQR10025,PVC Gasket for QR1 serrated stub 25 mm GASKQR10025,each,32.68
GASKQR10032,PVC Gasket for QR1 serrated stub 32 mm GASKQR10032,each,34.69
GASKQR10040,PVC Gasket for QR1 serrated stub 40 mm GASKQR10040,each,36.80
GASKQR10050,PVC Gasket for QR1 serrated stub 50 mm GASKQR10050,each,41.39
GASKQR10063,PVC Gasket for QR1 serrated stub 63 mm GASKQR10063,each,44.91
GASKQR10075,PVC Gasket for QR1 serrated stub 75 mm GASKQR10075,each,52.82
GASKQR10090,PVC Gasket for QR1 serrated stub 90 mm GASKQR10090,each,61.59
GASKQR10110,PVC Gasket for QR1 serrated stub 110 mm GASKQR10110,each,81.03
GASKQR10125,PVC Gasket for QR1 serrated stub 125 mm GASKQR10125,each,81.03
GASKQR10140,PVC Gasket for QR1 serrated stub 140 mm GASKQR10140,each,115.61
GASKQR10160,PVC Gasket for QR1 serrated stub 160 mm GASKQR10160,each,128.06
GASKQR10200,PVC Gasket for QR1 serrated stub 200 mm GASKQR10200,each,200.79
GASKQR10250,PVC Gasket for QR1 serrated stub 250 mm GASKQR10250,each,251.05
GASKQR10315,PVC Gasket for QR1 serrated stub 315 mm GASKQR10315,each,329.86
GASKFF10020,PVC Gasket for FF1 full face stub 20 mm GASKFF10020,each,41.39
GASKFF10025,PVC Gasket for FF1 full face stub 25 mm GASKFF10025,each,44.91
GASKFF10032,PVC Gasket for FF1 full face stub 32 mm GASKFF10032,each,46.99
GASKFF10040,PVC Gasket for FF1 full face stub 40 mm GASKFF10040,each,58.06
GASKFF10050,PVC Gasket for FF1 full face stub 50 mm GASKFF10050,each,63.19
GASKFF10063,PVC Gasket for FF1 full face stub 63 mm GASKFF10063,each,78.08
GASKFF10075,PVC Gasket for FF1 full face stub 75 mm GASKFF10075,each,81.03
GASKFF10090,PVC Gasket for FF1 full face stub 90 mm GASKFF10090,each,115.61
GASKFF10110,PVC Gasket for FF1 full face stub 110 mm GASKFF10110,each,131.12
GASKFF10125,PVC Gasket for FF1 full face stub 125 mm GASKFF10125,each,131.12
GASKFF10140,PVC Gasket for FF1 full face stub 140 mm GASKFF10140,each,189.79
GASKFF10160,PVC Gasket for FF1 full face stub 160 mm GASKFF10160,each,223.31
GASKFF10200,PVC Gasket for FF1 full face stub 200 mm GASKFF10200,each,373.82
GASKFF10250,PVC Gasket for FF1 full face stub 250 mm GASKFF10250,each,510.73
GASKFF10315,PVC Gasket for FF1 full face stub 315 mm GASKFF10315,each,619.82
PVCFPSC0040C,"PVC Pipe support clip, closed (with retaining bracket) 40 mm PVCFPSC0040C",each,22.81
PVCFPSC0050C,"PVC Pipe support clip, closed (with retaining bracket) 50 mm PVCFPSC0050C",each,26.53
PVCFPSC0063C,"PVC Pipe support clip, closed (with retaining bracket) 63 mm PVCFPSC0063C",each,33.41
PVCFPSC0075C,"PVC Pipe support clip, closed (with retaining bracket) 75 mm PVCFPSC0075C",each,45.53
PVCFPSC0090C,"PVC Pipe support clip, closed (with retaining bracket) 90 mm PVCFPSC0090C",each,60.72
PVCFPSC0110C,"PVC Pipe support clip, closed (with retaining bracket) 110 mm PVCFPSC0110C",each,70.04
PVCFPSC0125C,"PVC Pipe support clip, closed (with retaining bracket) 125 mm PVCFPSC0125C",each,164.15
PVCFPSC0140C,"PVC Pipe support clip, closed (with retaining bracket) 140 mm PVCFPSC0140C",each,173.43
PVCFPSC0160C,"PVC Pipe support clip, closed (with retaining bracket) 160 mm PVCFPSC0160C",each,204.20
PVCFPSC0200C,"PVC Pipe support clip, closed (with retaining bracket) 200 mm PVCFPSC0200C",each,251.21
PVCFPSC0016,"PVC Pipe support clip, open 16 mm PVCFPSC0016",each,8.75
PVCFPSC0020,"PVC Pipe support clip, open 20 mm PVCFPSC0020",each,7.43
PVCFPSC0025,"PVC Pipe support clip, open 25 mm PVCFPSC0025",each,9.57
PVCFPSC0032,"PVC Pipe support clip, open 32 mm PVCFPSC0032",each,10.61
PVCFPTFE,PVC PTFE tape 12mm x 10m PVCFPTFE,each,6.88
PVCFPTFEH,PVC PTFE tape 12mm x 12m PVCFPTFEH,each,20.50
PVCFPTFEHW,PVC PTFE tape 12mm x 30m PVCFPTFEHW,each,54.33
CEMEEZ0118B,PVC EZ Weld solvent cement for uPVC 118 ml (B) CEMEEZ0118B,each,134.33
CEMEEZ0118H,PVC EZ Weld solvent cement for uPVC 118 ml (H) CEMEEZ0118H,each,140.69
CEMEEZ0237A,PVC EZ Weld solvent cement for uPVC 237 ml (A) CEMEEZ0237A,each,236.90
CEMEEZ0237B,PVC EZ Weld solvent cement for uPVC 237 ml (B) CEMEEZ0237B,each,192.42
CEMEEZ0237H,PVC EZ Weld solvent cement for uPVC 237 ml (H) CEMEEZ0237H,each,195.15
CEMEEZ0473A,PVC EZ Weld solvent cement for uPVC 473 ml (A) CEMEEZ0473A,each,422.06
CEMEEZ0473B,PVC EZ Weld solvent cement for uPVC 473 ml (B) CEMEEZ0473B,each,350.36
CEMEEZ0473C,PVC EZ Weld solvent cement for uPVC 473 ml (CLN) CEMEEZ0473C,each,246.89
CEMEEZ0473H,PVC EZ Weld solvent cement for uPVC 473 ml (H) CEMEEZ0473H,each,350.36
CEMETAN0050,PVC Tangit (Henkel) solvent cement for uPVC 50 ml CEMETAN0050,each,92.84
CEMETAN0100,PVC Tangit (Henkel) solvent cement for uPVC 100 ml CEMETAN0100,each,140.36
CEMETAN0250B,PVC Tangit (Henkel) solvent cement for uPVC 250 ml (with brush/dauber) CEMETAN0250B,each,264.06
CEMETAN0500B,PVC Tangit (Henkel) solvent cement for uPVC 500 ml (with brush/dauber) CEMETAN0500B,each,441.98
CEMETAN0500,PVC Tangit (Henkel) solvent cement for uPVC 500 ml CEMETAN0500,each,534.30
CEMETAN1000,PVC Tangit (Henkel) solvent cement for uPVC 1000 ml CEMETAN1000,each,758.91
CEMECLN0500,PVC Tangit cleaner 500 ml CEMECLN0500,each,275.45
PPHFCON0500B,"PVC PP tank connector, lock nut and seal 1/2"" x 40 mm PPHFCON0500B",each,89.25
PPHFCON1000B,"PVC PP tank connector, lock nut and seal 1"" x 45 mm PPHFCON1000B",each,115.88
PPHFCON1250B,"PVC PP tank connector, lock nut and seal 1.1/4"" x 35mm PPHFCON1250B",each,136.34
PPHFCON1500B,"PVC PP tank connector, lock nut and seal 1.1/2"" x 40mm PPHFCON1500B",each,145.20
PPHFCON2000B,"PVC PP tank connector, lock nut and seal 2"" x 60 mm PPHFCON2000B",each,182.68
PPHFCON0750B,"PVC PP tank connector, lock nut and seal 3/4"" x 40 mm PPHFCON0750B",each,93.25
PVCFRC103150160,PVC Reducing bush 315 x 160 mm PVCFRC103150160,each,
PVCCON007500903000,"PVC PVC tank connector (VDL) 75 x 90 mm x 3"" PVCCON007500903000",each,
PVCCON009001104000,"PVC PVC tank connector (VDL) 90 x 110 mm x 4"" PVCCON009001104000",each,
PVCCON011001254000,"PVC PVC tank connector (VDL) 110 x 125 mm x 4"" PVCCON011001254000",each,
PVCCON011001255000,"PVC PVC tank connector (VDL) 110 x 125 mm x 5"" PVCCON011001255000",each,
